Im_paths,steering
/home/ashraf/Documents/BFMC_Simulator/startup_workspace/DataSet/IMG/img_2021_02_22-02_40_04_0.jpg,-5
/home/ashraf/Documents/BFMC_Simulator/startup_workspace/DataSet/IMG/img_2021_02_22-02_40_04_1.jpg,-5
/home/ashraf/Documents/BFMC_Simulator/startup_workspace/DataSet/IMG/img_2021_02_22-02_40_04_2.jpg,-6
/home/ashraf/Documents/BFMC_Simulator/startup_workspace/DataSet/IMG/img_2021_02_22-02_40_04_3.jpg,-7
/home/ashraf/Documents/BFMC_Simulator/startup_workspace/DataSet/IMG/img_2021_02_22-02_40_04_4.jpg,-8
/home/ashraf/Documents/BFMC_Simulator/startup_workspace/DataSet/IMG/img_2021_02_22-02_40_04_5.jpg,-8
/home/ashraf/Documents/BFMC_Simulator/startup_workspace/DataSet/IMG/img_2021_02_22-02_40_04_6.jpg,-8
/home/ashraf/Documents/BFMC_Simulator/startup_workspace/DataSet/IMG/img_2021_02_22-02_40_05_7.jpg,-8
/home/ashraf/Documents/BFMC_Simulator/startup_workspace/DataSet/IMG/img_2021_02_22-02_40_05_8.jpg,-9
/home/ashraf/Documents/BFMC_Simulator/startup_workspace/DataSet/IMG/img_2021_02_22-02_40_05_9.jpg,-9
/home/ashraf/Documents/BFMC_Simulator/startup_workspace/DataSet/IMG/img_2021_02_22-02_40_05_10.jpg,-9
/home/ashraf/Documents/BFMC_Simulator/startup_workspace/DataSet/IMG/img_2021_02_22-02_40_05_11.jpg,-10
/home/ashraf/Documents/BFMC_Simulator/startup_workspace/DataSet/IMG/img_2021_02_22-02_40_05_12.jpg,-10
/home/ashraf/Documents/BFMC_Simulator/startup_workspace/DataSet/IMG/img_2021_02_22-02_40_05_13.jpg,-11
/home/ashraf/Documents/BFMC_Simulator/startup_workspace/DataSet/IMG/img_2021_02_22-02_40_06_14.jpg,-11
/home/ashraf/Documents/BFMC_Simulator/startup_workspace/DataSet/IMG/img_2021_02_22-02_40_06_15.jpg,-11
/home/ashraf/Documents/BFMC_Simulator/startup_workspace/DataSet/IMG/img_2021_02_22-02_40_06_16.jpg,-11
/home/ashraf/Documents/BFMC_Simulator/startup_workspace/DataSet/IMG/img_2021_02_22-02_40_06_17.jpg,-11
/home/ashraf/Documents/BFMC_Simulator/startup_workspace/DataSet/IMG/img_2021_02_22-02_40_06_18.jpg,-11
/home/ashraf/Documents/BFMC_Simulator/startup_workspace/DataSet/IMG/img_2021_02_22-02_40_06_19.jpg,-11
/home/ashraf/Documents/BFMC_Simulator/startup_workspace/DataSet/IMG/img_2021_02_22-02_40_06_20.jpg,-11
/home/ashraf/Documents/BFMC_Simulator/startup_workspace/DataSet/IMG/img_2021_02_22-02_40_07_21.jpg,-11
/home/ashraf/Documents/BFMC_Simulator/startup_workspace/DataSet/IMG/img_2021_02_22-02_40_07_22.jpg,-10
/home/ashraf/Documents/BFMC_Simulator/startup_workspace/DataSet/IMG/img_2021_02_22-02_40_07_23.jpg,-10
/home/ashraf/Documents/BFMC_Simulator/startup_workspace/DataSet/IMG/img_2021_02_22-02_40_07_24.jpg,-10
/home/ashraf/Documents/BFMC_Simulator/startup_workspace/DataSet/IMG/img_2021_02_22-02_40_07_25.jpg,-9
/home/ashraf/Documents/BFMC_Simulator/startup_workspace/DataSet/IMG/img_2021_02_22-02_40_07_26.jpg,-8
/home/ashraf/Documents/BFMC_Simulator/startup_workspace/DataSet/IMG/img_2021_02_22-02_40_07_27.jpg,-7
/home/ashraf/Documents/BFMC_Simulator/startup_workspace/DataSet/IMG/img_2021_02_22-02_40_08_28.jpg,-7
/home/ashraf/Documents/BFMC_Simulator/startup_workspace/DataSet/IMG/img_2021_02_22-02_40_08_29.jpg,-6
/home/ashraf/Documents/BFMC_Simulator/startup_workspace/DataSet/IMG/img_2021_02_22-02_40_08_30.jpg,-5
/home/ashraf/Documents/BFMC_Simulator/startup_workspace/DataSet/IMG/img_2021_02_22-02_40_08_31.jpg,-5
/home/ashraf/Documents/BFMC_Simulator/startup_workspace/DataSet/IMG/img_2021_02_22-02_40_08_32.jpg,-4
/home/ashraf/Documents/BFMC_Simulator/startup_workspace/DataSet/IMG/img_2021_02_22-02_40_08_33.jpg,-4
/home/ashraf/Documents/BFMC_Simulator/startup_workspace/DataSet/IMG/img_2021_02_22-02_40_08_34.jpg,-3
/home/ashraf/Documents/BFMC_Simulator/startup_workspace/DataSet/IMG/img_2021_02_22-02_40_09_35.jpg,-2
/home/ashraf/Documents/BFMC_Simulator/startup_workspace/DataSet/IMG/img_2021_02_22-02_40_09_36.jpg,-1
/home/ashraf/Documents/BFMC_Simulator/startup_workspace/DataSet/IMG/img_2021_02_22-02_40_09_37.jpg,-1
/home/ashraf/Documents/BFMC_Simulator/startup_workspace/DataSet/IMG/img_2021_02_22-02_40_09_38.jpg,0
/home/ashraf/Documents/BFMC_Simulator/startup_workspace/DataSet/IMG/img_2021_02_22-02_40_09_39.jpg,0
/home/ashraf/Documents/BFMC_Simulator/startup_workspace/DataSet/IMG/img_2021_02_22-02_40_09_40.jpg,1
/home/ashraf/Documents/BFMC_Simulator/startup_workspace/DataSet/IMG/img_2021_02_22-02_40_09_41.jpg,1
/home/ashraf/Documents/BFMC_Simulator/startup_workspace/DataSet/IMG/img_2021_02_22-02_40_10_42.jpg,1
/home/ashraf/Documents/BFMC_Simulator/startup_workspace/DataSet/IMG/img_2021_02_22-02_40_10_43.jpg,1
/home/ashraf/Documents/BFMC_Simulator/startup_workspace/DataSet/IMG/img_2021_02_22-02_40_10_44.jpg,1
/home/ashraf/Documents/BFMC_Simulator/startup_workspace/DataSet/IMG/img_2021_02_22-02_40_10_45.jpg,1
/home/ashraf/Documents/BFMC_Simulator/startup_workspace/DataSet/IMG/img_2021_02_22-02_40_10_46.jpg,1
/home/ashraf/Documents/BFMC_Simulator/startup_workspace/DataSet/IMG/img_2021_02_22-02_40_10_47.jpg,1
/home/ashraf/Documents/BFMC_Simulator/startup_workspace/DataSet/IMG/img_2021_02_22-02_40_10_48.jpg,2
/home/ashraf/Documents/BFMC_Simulator/startup_workspace/DataSet/IMG/img_2021_02_22-02_40_11_49.jpg,2
/home/ashraf/Documents/BFMC_Simulator/startup_workspace/DataSet/IMG/img_2021_02_22-02_40_11_50.jpg,2
/home/ashraf/Documents/BFMC_Simulator/startup_workspace/DataSet/IMG/img_2021_02_22-02_40_11_51.jpg,2
/home/ashraf/Documents/BFMC_Simulator/startup_workspace/DataSet/IMG/img_2021_02_22-02_40_11_52.jpg,2
/home/ashraf/Documents/BFMC_Simulator/startup_workspace/DataSet/IMG/img_2021_02_22-02_40_11_53.jpg,2
/home/ashraf/Documents/BFMC_Simulator/startup_workspace/DataSet/IMG/img_2021_02_22-02_40_11_54.jpg,2
/home/ashraf/Documents/BFMC_Simulator/startup_workspace/DataSet/IMG/img_2021_02_22-02_40_11_55.jpg,2
/home/ashraf/Documents/BFMC_Simulator/startup_workspace/DataSet/IMG/img_2021_02_22-02_40_11_56.jpg,2
/home/ashraf/Documents/BFMC_Simulator/startup_workspace/DataSet/IMG/img_2021_02_22-02_40_12_57.jpg,2
/home/ashraf/Documents/BFMC_Simulator/startup_workspace/DataSet/IMG/img_2021_02_22-02_40_12_58.jpg,2
/home/ashraf/Documents/BFMC_Simulator/startup_workspace/DataSet/IMG/img_2021_02_22-02_40_12_59.jpg,2
/home/ashraf/Documents/BFMC_Simulator/startup_workspace/DataSet/IMG/img_2021_02_22-02_40_33_60.jpg,2
/home/ashraf/Documents/BFMC_Simulator/startup_workspace/DataSet/IMG/img_2021_02_22-02_40_33_61.jpg,2
/home/ashraf/Documents/BFMC_Simulator/startup_workspace/DataSet/IMG/img_2021_02_22-02_40_33_62.jpg,2
/home/ashraf/Documents/BFMC_Simulator/startup_workspace/DataSet/IMG/img_2021_02_22-02_40_33_63.jpg,1
/home/ashraf/Documents/BFMC_Simulator/startup_workspace/DataSet/IMG/img_2021_02_22-02_40_33_64.jpg,1
/home/ashraf/Documents/BFMC_Simulator/startup_workspace/DataSet/IMG/img_2021_02_22-02_40_33_65.jpg,0
/home/ashraf/Documents/BFMC_Simulator/startup_workspace/DataSet/IMG/img_2021_02_22-02_40_34_66.jpg,-1
/home/ashraf/Documents/BFMC_Simulator/startup_workspace/DataSet/IMG/img_2021_02_22-02_40_34_67.jpg,-2
/home/ashraf/Documents/BFMC_Simulator/startup_workspace/DataSet/IMG/img_2021_02_22-02_40_34_68.jpg,-3
/home/ashraf/Documents/BFMC_Simulator/startup_workspace/DataSet/IMG/img_2021_02_22-02_40_34_69.jpg,-3
/home/ashraf/Documents/BFMC_Simulator/startup_workspace/DataSet/IMG/img_2021_02_22-02_40_34_70.jpg,-4
/home/ashraf/Documents/BFMC_Simulator/startup_workspace/DataSet/IMG/img_2021_02_22-02_40_34_71.jpg,-4
/home/ashraf/Documents/BFMC_Simulator/startup_workspace/DataSet/IMG/img_2021_02_22-02_40_34_72.jpg,-4
/home/ashraf/Documents/BFMC_Simulator/startup_workspace/DataSet/IMG/img_2021_02_22-02_40_35_73.jpg,-4
/home/ashraf/Documents/BFMC_Simulator/startup_workspace/DataSet/IMG/img_2021_02_22-02_40_35_74.jpg,-4
/home/ashraf/Documents/BFMC_Simulator/startup_workspace/DataSet/IMG/img_2021_02_22-02_40_35_75.jpg,-4
/home/ashraf/Documents/BFMC_Simulator/startup_workspace/DataSet/IMG/img_2021_02_22-02_40_35_76.jpg,-4
/home/ashraf/Documents/BFMC_Simulator/startup_workspace/DataSet/IMG/img_2021_02_22-02_40_35_77.jpg,-4
/home/ashraf/Documents/BFMC_Simulator/startup_workspace/DataSet/IMG/img_2021_02_22-02_40_35_78.jpg,-4
/home/ashraf/Documents/BFMC_Simulator/startup_workspace/DataSet/IMG/img_2021_02_22-02_40_35_79.jpg,-4
/home/ashraf/Documents/BFMC_Simulator/startup_workspace/DataSet/IMG/img_2021_02_22-02_40_36_80.jpg,-4
/home/ashraf/Documents/BFMC_Simulator/startup_workspace/DataSet/IMG/img_2021_02_22-02_40_36_81.jpg,-4
/home/ashraf/Documents/BFMC_Simulator/startup_workspace/DataSet/IMG/img_2021_02_22-02_40_36_82.jpg,-4
/home/ashraf/Documents/BFMC_Simulator/startup_workspace/DataSet/IMG/img_2021_02_22-02_40_36_83.jpg,-4
/home/ashraf/Documents/BFMC_Simulator/startup_workspace/DataSet/IMG/img_2021_02_22-02_40_36_84.jpg,-4
/home/ashraf/Documents/BFMC_Simulator/startup_workspace/DataSet/IMG/img_2021_02_22-02_40_36_85.jpg,-4
/home/ashraf/Documents/BFMC_Simulator/startup_workspace/DataSet/IMG/img_2021_02_22-02_40_36_86.jpg,-4
/home/ashraf/Documents/BFMC_Simulator/startup_workspace/DataSet/IMG/img_2021_02_22-02_40_37_87.jpg,-4
/home/ashraf/Documents/BFMC_Simulator/startup_workspace/DataSet/IMG/img_2021_02_22-02_40_37_88.jpg,-4
/home/ashraf/Documents/BFMC_Simulator/startup_workspace/DataSet/IMG/img_2021_02_22-02_40_37_89.jpg,-3
/home/ashraf/Documents/BFMC_Simulator/startup_workspace/DataSet/IMG/img_2021_02_22-02_40_37_90.jpg,-3
/home/ashraf/Documents/BFMC_Simulator/startup_workspace/DataSet/IMG/img_2021_02_22-02_40_37_91.jpg,-2
/home/ashraf/Documents/BFMC_Simulator/startup_workspace/DataSet/IMG/img_2021_02_22-02_40_37_92.jpg,-1
/home/ashraf/Documents/BFMC_Simulator/startup_workspace/DataSet/IMG/img_2021_02_22-02_40_37_93.jpg,-1
/home/ashraf/Documents/BFMC_Simulator/startup_workspace/DataSet/IMG/img_2021_02_22-02_40_38_94.jpg,-1
/home/ashraf/Documents/BFMC_Simulator/startup_workspace/DataSet/IMG/img_2021_02_22-02_40_38_95.jpg,-1
/home/ashraf/Documents/BFMC_Simulator/startup_workspace/DataSet/IMG/img_2021_02_22-02_40_38_96.jpg,-1
/home/ashraf/Documents/BFMC_Simulator/startup_workspace/DataSet/IMG/img_2021_02_22-02_40_38_97.jpg,-2
/home/ashraf/Documents/BFMC_Simulator/startup_workspace/DataSet/IMG/img_2021_02_22-02_40_38_98.jpg,-2
/home/ashraf/Documents/BFMC_Simulator/startup_workspace/DataSet/IMG/img_2021_02_22-02_40_38_99.jpg,-1
/home/ashraf/Documents/BFMC_Simulator/startup_workspace/DataSet/IMG/img_2021_02_22-02_40_38_100.jpg,-1
/home/ashraf/Documents/BFMC_Simulator/startup_workspace/DataSet/IMG/img_2021_02_22-02_40_39_101.jpg,0
/home/ashraf/Documents/BFMC_Simulator/startup_workspace/DataSet/IMG/img_2021_02_22-02_40_39_102.jpg,0
/home/ashraf/Documents/BFMC_Simulator/startup_workspace/DataSet/IMG/img_2021_02_22-02_40_39_103.jpg,1
/home/ashraf/Documents/BFMC_Simulator/startup_workspace/DataSet/IMG/img_2021_02_22-02_40_39_104.jpg,2
/home/ashraf/Documents/BFMC_Simulator/startup_workspace/DataSet/IMG/img_2021_02_22-02_40_39_105.jpg,2
/home/ashraf/Documents/BFMC_Simulator/startup_workspace/DataSet/IMG/img_2021_02_22-02_40_39_106.jpg,2
/home/ashraf/Documents/BFMC_Simulator/startup_workspace/DataSet/IMG/img_2021_02_22-02_40_39_107.jpg,1
/home/ashraf/Documents/BFMC_Simulator/startup_workspace/DataSet/IMG/img_2021_02_22-02_40_40_108.jpg,1
/home/ashraf/Documents/BFMC_Simulator/startup_workspace/DataSet/IMG/img_2021_02_22-02_40_40_109.jpg,1
/home/ashraf/Documents/BFMC_Simulator/startup_workspace/DataSet/IMG/img_2021_02_22-02_40_40_110.jpg,2
/home/ashraf/Documents/BFMC_Simulator/startup_workspace/DataSet/IMG/img_2021_02_22-02_40_40_111.jpg,2
/home/ashraf/Documents/BFMC_Simulator/startup_workspace/DataSet/IMG/img_2021_02_22-02_40_40_112.jpg,2
/home/ashraf/Documents/BFMC_Simulator/startup_workspace/DataSet/IMG/img_2021_02_22-02_40_40_113.jpg,2
/home/ashraf/Documents/BFMC_Simulator/startup_workspace/DataSet/IMG/img_2021_02_22-02_40_40_114.jpg,3
/home/ashraf/Documents/BFMC_Simulator/startup_workspace/DataSet/IMG/img_2021_02_22-02_40_40_115.jpg,3
/home/ashraf/Documents/BFMC_Simulator/startup_workspace/DataSet/IMG/img_2021_02_22-02_40_41_116.jpg,2
/home/ashraf/Documents/BFMC_Simulator/startup_workspace/DataSet/IMG/img_2021_02_22-02_40_41_117.jpg,2
/home/ashraf/Documents/BFMC_Simulator/startup_workspace/DataSet/IMG/img_2021_02_22-02_40_41_118.jpg,1
/home/ashraf/Documents/BFMC_Simulator/startup_workspace/DataSet/IMG/img_2021_02_22-02_40_41_119.jpg,1
/home/ashraf/Documents/BFMC_Simulator/startup_workspace/DataSet/IMG/img_2021_02_22-02_40_41_120.jpg,1
/home/ashraf/Documents/BFMC_Simulator/startup_workspace/DataSet/IMG/img_2021_02_22-02_40_41_121.jpg,1
/home/ashraf/Documents/BFMC_Simulator/startup_workspace/DataSet/IMG/img_2021_02_22-02_40_41_122.jpg,1
/home/ashraf/Documents/BFMC_Simulator/startup_workspace/DataSet/IMG/img_2021_02_22-02_40_42_123.jpg,1
/home/ashraf/Documents/BFMC_Simulator/startup_workspace/DataSet/IMG/img_2021_02_22-02_40_42_124.jpg,1
/home/ashraf/Documents/BFMC_Simulator/startup_workspace/DataSet/IMG/img_2021_02_22-02_40_42_125.jpg,1
/home/ashraf/Documents/BFMC_Simulator/startup_workspace/DataSet/IMG/img_2021_02_22-02_40_42_126.jpg,1
/home/ashraf/Documents/BFMC_Simulator/startup_workspace/DataSet/IMG/img_2021_02_22-02_40_42_127.jpg,1
/home/ashraf/Documents/BFMC_Simulator/startup_workspace/DataSet/IMG/img_2021_02_22-02_40_42_128.jpg,1
/home/ashraf/Documents/BFMC_Simulator/startup_workspace/DataSet/IMG/img_2021_02_22-02_40_42_129.jpg,1
/home/ashraf/Documents/BFMC_Simulator/startup_workspace/DataSet/IMG/img_2021_02_22-02_40_43_130.jpg,1
/home/ashraf/Documents/BFMC_Simulator/startup_workspace/DataSet/IMG/img_2021_02_22-02_40_43_131.jpg,1
/home/ashraf/Documents/BFMC_Simulator/startup_workspace/DataSet/IMG/img_2021_02_22-02_40_43_132.jpg,1
/home/ashraf/Documents/BFMC_Simulator/startup_workspace/DataSet/IMG/img_2021_02_22-02_40_59_133.jpg,2
/home/ashraf/Documents/BFMC_Simulator/startup_workspace/DataSet/IMG/img_2021_02_22-02_40_59_134.jpg,3
/home/ashraf/Documents/BFMC_Simulator/startup_workspace/DataSet/IMG/img_2021_02_22-02_40_59_135.jpg,3
/home/ashraf/Documents/BFMC_Simulator/startup_workspace/DataSet/IMG/img_2021_02_22-02_40_59_136.jpg,3
/home/ashraf/Documents/BFMC_Simulator/startup_workspace/DataSet/IMG/img_2021_02_22-02_40_59_137.jpg,4
/home/ashraf/Documents/BFMC_Simulator/startup_workspace/DataSet/IMG/img_2021_02_22-02_41_00_138.jpg,4
/home/ashraf/Documents/BFMC_Simulator/startup_workspace/DataSet/IMG/img_2021_02_22-02_41_00_139.jpg,4
/home/ashraf/Documents/BFMC_Simulator/startup_workspace/DataSet/IMG/img_2021_02_22-02_41_00_140.jpg,3
/home/ashraf/Documents/BFMC_Simulator/startup_workspace/DataSet/IMG/img_2021_02_22-02_41_00_141.jpg,2
/home/ashraf/Documents/BFMC_Simulator/startup_workspace/DataSet/IMG/img_2021_02_22-02_41_00_142.jpg,2
/home/ashraf/Documents/BFMC_Simulator/startup_workspace/DataSet/IMG/img_2021_02_22-02_41_00_143.jpg,1
/home/ashraf/Documents/BFMC_Simulator/startup_workspace/DataSet/IMG/img_2021_02_22-02_41_00_144.jpg,0
/home/ashraf/Documents/BFMC_Simulator/startup_workspace/DataSet/IMG/img_2021_02_22-02_41_01_145.jpg,-1
/home/ashraf/Documents/BFMC_Simulator/startup_workspace/DataSet/IMG/img_2021_02_22-02_41_01_146.jpg,-2
/home/ashraf/Documents/BFMC_Simulator/startup_workspace/DataSet/IMG/img_2021_02_22-02_41_01_147.jpg,-3
/home/ashraf/Documents/BFMC_Simulator/startup_workspace/DataSet/IMG/img_2021_02_22-02_41_01_148.jpg,-4
/home/ashraf/Documents/BFMC_Simulator/startup_workspace/DataSet/IMG/img_2021_02_22-02_41_01_149.jpg,-4
/home/ashraf/Documents/BFMC_Simulator/startup_workspace/DataSet/IMG/img_2021_02_22-02_41_01_150.jpg,-4
/home/ashraf/Documents/BFMC_Simulator/startup_workspace/DataSet/IMG/img_2021_02_22-02_41_01_151.jpg,-4
/home/ashraf/Documents/BFMC_Simulator/startup_workspace/DataSet/IMG/img_2021_02_22-02_41_02_152.jpg,-5
/home/ashraf/Documents/BFMC_Simulator/startup_workspace/DataSet/IMG/img_2021_02_22-02_41_02_153.jpg,-6
/home/ashraf/Documents/BFMC_Simulator/startup_workspace/DataSet/IMG/img_2021_02_22-02_41_02_154.jpg,-7
/home/ashraf/Documents/BFMC_Simulator/startup_workspace/DataSet/IMG/img_2021_02_22-02_41_02_155.jpg,-7
/home/ashraf/Documents/BFMC_Simulator/startup_workspace/DataSet/IMG/img_2021_02_22-02_41_02_156.jpg,-7
/home/ashraf/Documents/BFMC_Simulator/startup_workspace/DataSet/IMG/img_2021_02_22-02_41_02_157.jpg,-7
/home/ashraf/Documents/BFMC_Simulator/startup_workspace/DataSet/IMG/img_2021_02_22-02_41_02_158.jpg,-7
/home/ashraf/Documents/BFMC_Simulator/startup_workspace/DataSet/IMG/img_2021_02_22-02_41_03_159.jpg,-7
/home/ashraf/Documents/BFMC_Simulator/startup_workspace/DataSet/IMG/img_2021_02_22-02_41_03_160.jpg,-7
/home/ashraf/Documents/BFMC_Simulator/startup_workspace/DataSet/IMG/img_2021_02_22-02_41_03_161.jpg,-7
/home/ashraf/Documents/BFMC_Simulator/startup_workspace/DataSet/IMG/img_2021_02_22-02_41_03_162.jpg,-7
/home/ashraf/Documents/BFMC_Simulator/startup_workspace/DataSet/IMG/img_2021_02_22-02_41_03_163.jpg,-7
/home/ashraf/Documents/BFMC_Simulator/startup_workspace/DataSet/IMG/img_2021_02_22-02_41_03_164.jpg,-7
/home/ashraf/Documents/BFMC_Simulator/startup_workspace/DataSet/IMG/img_2021_02_22-02_41_03_165.jpg,-7
/home/ashraf/Documents/BFMC_Simulator/startup_workspace/DataSet/IMG/img_2021_02_22-02_41_04_166.jpg,-7
/home/ashraf/Documents/BFMC_Simulator/startup_workspace/DataSet/IMG/img_2021_02_22-02_41_04_167.jpg,-7
/home/ashraf/Documents/BFMC_Simulator/startup_workspace/DataSet/IMG/img_2021_02_22-02_41_04_168.jpg,-7
/home/ashraf/Documents/BFMC_Simulator/startup_workspace/DataSet/IMG/img_2021_02_22-02_41_04_169.jpg,-7
/home/ashraf/Documents/BFMC_Simulator/startup_workspace/DataSet/IMG/img_2021_02_22-02_41_04_170.jpg,-7
/home/ashraf/Documents/BFMC_Simulator/startup_workspace/DataSet/IMG/img_2021_02_22-02_41_04_171.jpg,-7
/home/ashraf/Documents/BFMC_Simulator/startup_workspace/DataSet/IMG/img_2021_02_22-02_41_04_172.jpg,-6
/home/ashraf/Documents/BFMC_Simulator/startup_workspace/DataSet/IMG/img_2021_02_22-02_41_05_173.jpg,-5
/home/ashraf/Documents/BFMC_Simulator/startup_workspace/DataSet/IMG/img_2021_02_22-02_41_05_174.jpg,-4
/home/ashraf/Documents/BFMC_Simulator/startup_workspace/DataSet/IMG/img_2021_02_22-02_41_05_175.jpg,-4
/home/ashraf/Documents/BFMC_Simulator/startup_workspace/DataSet/IMG/img_2021_02_22-02_41_05_176.jpg,-3
/home/ashraf/Documents/BFMC_Simulator/startup_workspace/DataSet/IMG/img_2021_02_22-02_41_05_177.jpg,-2
/home/ashraf/Documents/BFMC_Simulator/startup_workspace/DataSet/IMG/img_2021_02_22-02_41_05_178.jpg,-1
/home/ashraf/Documents/BFMC_Simulator/startup_workspace/DataSet/IMG/img_2021_02_22-02_41_05_179.jpg,0
/home/ashraf/Documents/BFMC_Simulator/startup_workspace/DataSet/IMG/img_2021_02_22-02_41_06_180.jpg,0
/home/ashraf/Documents/BFMC_Simulator/startup_workspace/DataSet/IMG/img_2021_02_22-02_41_06_181.jpg,1
/home/ashraf/Documents/BFMC_Simulator/startup_workspace/DataSet/IMG/img_2021_02_22-02_41_06_182.jpg,2
/home/ashraf/Documents/BFMC_Simulator/startup_workspace/DataSet/IMG/img_2021_02_22-02_41_06_183.jpg,2
/home/ashraf/Documents/BFMC_Simulator/startup_workspace/DataSet/IMG/img_2021_02_22-02_41_06_184.jpg,2
/home/ashraf/Documents/BFMC_Simulator/startup_workspace/DataSet/IMG/img_2021_02_22-02_41_06_185.jpg,2
/home/ashraf/Documents/BFMC_Simulator/startup_workspace/DataSet/IMG/img_2021_02_22-02_41_06_186.jpg,3
/home/ashraf/Documents/BFMC_Simulator/startup_workspace/DataSet/IMG/img_2021_02_22-02_41_07_187.jpg,4
/home/ashraf/Documents/BFMC_Simulator/startup_workspace/DataSet/IMG/img_2021_02_22-02_41_07_188.jpg,4
/home/ashraf/Documents/BFMC_Simulator/startup_workspace/DataSet/IMG/img_2021_02_22-02_41_07_189.jpg,4
/home/ashraf/Documents/BFMC_Simulator/startup_workspace/DataSet/IMG/img_2021_02_22-02_41_07_190.jpg,4
/home/ashraf/Documents/BFMC_Simulator/startup_workspace/DataSet/IMG/img_2021_02_22-02_41_07_191.jpg,4
/home/ashraf/Documents/BFMC_Simulator/startup_workspace/DataSet/IMG/img_2021_02_22-02_41_07_192.jpg,4
/home/ashraf/Documents/BFMC_Simulator/startup_workspace/DataSet/IMG/img_2021_02_22-02_41_07_193.jpg,4
/home/ashraf/Documents/BFMC_Simulator/startup_workspace/DataSet/IMG/img_2021_02_22-02_41_08_194.jpg,4
/home/ashraf/Documents/BFMC_Simulator/startup_workspace/DataSet/IMG/img_2021_02_22-02_41_08_195.jpg,3
/home/ashraf/Documents/BFMC_Simulator/startup_workspace/DataSet/IMG/img_2021_02_22-02_41_08_196.jpg,3
/home/ashraf/Documents/BFMC_Simulator/startup_workspace/DataSet/IMG/img_2021_02_22-02_41_08_197.jpg,3
/home/ashraf/Documents/BFMC_Simulator/startup_workspace/DataSet/IMG/img_2021_02_22-02_41_08_198.jpg,3
/home/ashraf/Documents/BFMC_Simulator/startup_workspace/DataSet/IMG/img_2021_02_22-02_41_08_199.jpg,2
/home/ashraf/Documents/BFMC_Simulator/startup_workspace/DataSet/IMG/img_2021_02_22-02_41_08_200.jpg,1
/home/ashraf/Documents/BFMC_Simulator/startup_workspace/DataSet/IMG/img_2021_02_22-02_41_09_201.jpg,1
/home/ashraf/Documents/BFMC_Simulator/startup_workspace/DataSet/IMG/img_2021_02_22-02_41_09_202.jpg,0
/home/ashraf/Documents/BFMC_Simulator/startup_workspace/DataSet/IMG/img_2021_02_22-02_41_09_203.jpg,0
/home/ashraf/Documents/BFMC_Simulator/startup_workspace/DataSet/IMG/img_2021_02_22-02_41_09_204.jpg,0
/home/ashraf/Documents/BFMC_Simulator/startup_workspace/DataSet/IMG/img_2021_02_22-02_41_09_205.jpg,1
/home/ashraf/Documents/BFMC_Simulator/startup_workspace/DataSet/IMG/img_2021_02_22-02_41_09_206.jpg,1
/home/ashraf/Documents/BFMC_Simulator/startup_workspace/DataSet/IMG/img_2021_02_22-02_41_09_207.jpg,1
/home/ashraf/Documents/BFMC_Simulator/startup_workspace/DataSet/IMG/img_2021_02_22-02_41_24_208.jpg,2
/home/ashraf/Documents/BFMC_Simulator/startup_workspace/DataSet/IMG/img_2021_02_22-02_41_24_209.jpg,2
/home/ashraf/Documents/BFMC_Simulator/startup_workspace/DataSet/IMG/img_2021_02_22-02_41_25_210.jpg,2
/home/ashraf/Documents/BFMC_Simulator/startup_workspace/DataSet/IMG/img_2021_02_22-02_41_25_211.jpg,1
/home/ashraf/Documents/BFMC_Simulator/startup_workspace/DataSet/IMG/img_2021_02_22-02_41_25_212.jpg,1
/home/ashraf/Documents/BFMC_Simulator/startup_workspace/DataSet/IMG/img_2021_02_22-02_41_25_213.jpg,0
/home/ashraf/Documents/BFMC_Simulator/startup_workspace/DataSet/IMG/img_2021_02_22-02_41_25_214.jpg,-1
/home/ashraf/Documents/BFMC_Simulator/startup_workspace/DataSet/IMG/img_2021_02_22-02_41_25_215.jpg,-2
/home/ashraf/Documents/BFMC_Simulator/startup_workspace/DataSet/IMG/img_2021_02_22-02_41_25_216.jpg,-3
/home/ashraf/Documents/BFMC_Simulator/startup_workspace/DataSet/IMG/img_2021_02_22-02_41_26_217.jpg,-4
/home/ashraf/Documents/BFMC_Simulator/startup_workspace/DataSet/IMG/img_2021_02_22-02_41_26_218.jpg,-5
/home/ashraf/Documents/BFMC_Simulator/startup_workspace/DataSet/IMG/img_2021_02_22-02_41_26_219.jpg,-5
/home/ashraf/Documents/BFMC_Simulator/startup_workspace/DataSet/IMG/img_2021_02_22-02_41_26_220.jpg,-6
/home/ashraf/Documents/BFMC_Simulator/startup_workspace/DataSet/IMG/img_2021_02_22-02_41_26_221.jpg,-7
/home/ashraf/Documents/BFMC_Simulator/startup_workspace/DataSet/IMG/img_2021_02_22-02_41_26_222.jpg,-7
/home/ashraf/Documents/BFMC_Simulator/startup_workspace/DataSet/IMG/img_2021_02_22-02_41_26_223.jpg,-7
/home/ashraf/Documents/BFMC_Simulator/startup_workspace/DataSet/IMG/img_2021_02_22-02_41_27_224.jpg,-7
/home/ashraf/Documents/BFMC_Simulator/startup_workspace/DataSet/IMG/img_2021_02_22-02_41_27_225.jpg,-8
/home/ashraf/Documents/BFMC_Simulator/startup_workspace/DataSet/IMG/img_2021_02_22-02_41_27_226.jpg,-9
/home/ashraf/Documents/BFMC_Simulator/startup_workspace/DataSet/IMG/img_2021_02_22-02_41_27_227.jpg,-9
/home/ashraf/Documents/BFMC_Simulator/startup_workspace/DataSet/IMG/img_2021_02_22-02_41_27_228.jpg,-10
/home/ashraf/Documents/BFMC_Simulator/startup_workspace/DataSet/IMG/img_2021_02_22-02_41_27_229.jpg,-11
/home/ashraf/Documents/BFMC_Simulator/startup_workspace/DataSet/IMG/img_2021_02_22-02_41_27_230.jpg,-11
/home/ashraf/Documents/BFMC_Simulator/startup_workspace/DataSet/IMG/img_2021_02_22-02_41_28_231.jpg,-11
/home/ashraf/Documents/BFMC_Simulator/startup_workspace/DataSet/IMG/img_2021_02_22-02_41_28_232.jpg,-11
/home/ashraf/Documents/BFMC_Simulator/startup_workspace/DataSet/IMG/img_2021_02_22-02_41_28_233.jpg,-11
/home/ashraf/Documents/BFMC_Simulator/startup_workspace/DataSet/IMG/img_2021_02_22-02_41_28_234.jpg,-10
/home/ashraf/Documents/BFMC_Simulator/startup_workspace/DataSet/IMG/img_2021_02_22-02_41_28_235.jpg,-9
/home/ashraf/Documents/BFMC_Simulator/startup_workspace/DataSet/IMG/img_2021_02_22-02_41_28_236.jpg,-9
/home/ashraf/Documents/BFMC_Simulator/startup_workspace/DataSet/IMG/img_2021_02_22-02_41_28_237.jpg,-8
/home/ashraf/Documents/BFMC_Simulator/startup_workspace/DataSet/IMG/img_2021_02_22-02_41_29_238.jpg,-8
/home/ashraf/Documents/BFMC_Simulator/startup_workspace/DataSet/IMG/img_2021_02_22-02_41_29_239.jpg,-8
/home/ashraf/Documents/BFMC_Simulator/startup_workspace/DataSet/IMG/img_2021_02_22-02_41_29_240.jpg,-7
/home/ashraf/Documents/BFMC_Simulator/startup_workspace/DataSet/IMG/img_2021_02_22-02_41_29_241.jpg,-7
/home/ashraf/Documents/BFMC_Simulator/startup_workspace/DataSet/IMG/img_2021_02_22-02_41_29_242.jpg,-7
/home/ashraf/Documents/BFMC_Simulator/startup_workspace/DataSet/IMG/img_2021_02_22-02_41_29_243.jpg,-7
/home/ashraf/Documents/BFMC_Simulator/startup_workspace/DataSet/IMG/img_2021_02_22-02_41_29_244.jpg,-7
/home/ashraf/Documents/BFMC_Simulator/startup_workspace/DataSet/IMG/img_2021_02_22-02_41_30_245.jpg,-7
/home/ashraf/Documents/BFMC_Simulator/startup_workspace/DataSet/IMG/img_2021_02_22-02_41_30_246.jpg,-7
/home/ashraf/Documents/BFMC_Simulator/startup_workspace/DataSet/IMG/img_2021_02_22-02_41_30_247.jpg,-7
/home/ashraf/Documents/BFMC_Simulator/startup_workspace/DataSet/IMG/img_2021_02_22-02_41_30_248.jpg,-6
/home/ashraf/Documents/BFMC_Simulator/startup_workspace/DataSet/IMG/img_2021_02_22-02_41_30_249.jpg,-5
/home/ashraf/Documents/BFMC_Simulator/startup_workspace/DataSet/IMG/img_2021_02_22-02_41_30_250.jpg,-4
/home/ashraf/Documents/BFMC_Simulator/startup_workspace/DataSet/IMG/img_2021_02_22-02_41_30_251.jpg,-4
/home/ashraf/Documents/BFMC_Simulator/startup_workspace/DataSet/IMG/img_2021_02_22-02_41_31_252.jpg,-3
/home/ashraf/Documents/BFMC_Simulator/startup_workspace/DataSet/IMG/img_2021_02_22-02_41_31_253.jpg,-2
/home/ashraf/Documents/BFMC_Simulator/startup_workspace/DataSet/IMG/img_2021_02_22-02_41_31_254.jpg,-1
/home/ashraf/Documents/BFMC_Simulator/startup_workspace/DataSet/IMG/img_2021_02_22-02_41_31_255.jpg,-1
/home/ashraf/Documents/BFMC_Simulator/startup_workspace/DataSet/IMG/img_2021_02_22-02_41_31_256.jpg,0
/home/ashraf/Documents/BFMC_Simulator/startup_workspace/DataSet/IMG/img_2021_02_22-02_41_31_257.jpg,1
/home/ashraf/Documents/BFMC_Simulator/startup_workspace/DataSet/IMG/img_2021_02_22-02_41_31_258.jpg,1
/home/ashraf/Documents/BFMC_Simulator/startup_workspace/DataSet/IMG/img_2021_02_22-02_41_32_259.jpg,2
/home/ashraf/Documents/BFMC_Simulator/startup_workspace/DataSet/IMG/img_2021_02_22-02_41_32_260.jpg,3
/home/ashraf/Documents/BFMC_Simulator/startup_workspace/DataSet/IMG/img_2021_02_22-02_41_32_261.jpg,3
/home/ashraf/Documents/BFMC_Simulator/startup_workspace/DataSet/IMG/img_2021_02_22-02_41_32_262.jpg,3
/home/ashraf/Documents/BFMC_Simulator/startup_workspace/DataSet/IMG/img_2021_02_22-02_41_32_263.jpg,3
/home/ashraf/Documents/BFMC_Simulator/startup_workspace/DataSet/IMG/img_2021_02_22-02_41_32_264.jpg,3
/home/ashraf/Documents/BFMC_Simulator/startup_workspace/DataSet/IMG/img_2021_02_22-02_41_32_265.jpg,4
/home/ashraf/Documents/BFMC_Simulator/startup_workspace/DataSet/IMG/img_2021_02_22-02_41_32_266.jpg,5
/home/ashraf/Documents/BFMC_Simulator/startup_workspace/DataSet/IMG/img_2021_02_22-02_41_33_267.jpg,5
/home/ashraf/Documents/BFMC_Simulator/startup_workspace/DataSet/IMG/img_2021_02_22-02_41_33_268.jpg,5
/home/ashraf/Documents/BFMC_Simulator/startup_workspace/DataSet/IMG/img_2021_02_22-02_41_33_269.jpg,5
/home/ashraf/Documents/BFMC_Simulator/startup_workspace/DataSet/IMG/img_2021_02_22-02_41_33_270.jpg,4
/home/ashraf/Documents/BFMC_Simulator/startup_workspace/DataSet/IMG/img_2021_02_22-02_41_33_271.jpg,4
/home/ashraf/Documents/BFMC_Simulator/startup_workspace/DataSet/IMG/img_2021_02_22-02_41_33_272.jpg,4
/home/ashraf/Documents/BFMC_Simulator/startup_workspace/DataSet/IMG/img_2021_02_22-02_41_33_273.jpg,4
/home/ashraf/Documents/BFMC_Simulator/startup_workspace/DataSet/IMG/img_2021_02_22-02_41_34_274.jpg,4
/home/ashraf/Documents/BFMC_Simulator/startup_workspace/DataSet/IMG/img_2021_02_22-02_41_34_275.jpg,4
/home/ashraf/Documents/BFMC_Simulator/startup_workspace/DataSet/IMG/img_2021_02_22-02_41_34_276.jpg,3
/home/ashraf/Documents/BFMC_Simulator/startup_workspace/DataSet/IMG/img_2021_02_22-02_41_34_277.jpg,3
/home/ashraf/Documents/BFMC_Simulator/startup_workspace/DataSet/IMG/img_2021_02_22-02_41_34_278.jpg,3
/home/ashraf/Documents/BFMC_Simulator/startup_workspace/DataSet/IMG/img_2021_02_22-02_41_34_279.jpg,3
/home/ashraf/Documents/BFMC_Simulator/startup_workspace/DataSet/IMG/img_2021_02_22-02_41_34_280.jpg,3
/home/ashraf/Documents/BFMC_Simulator/startup_workspace/DataSet/IMG/img_2021_02_22-02_41_35_281.jpg,3
/home/ashraf/Documents/BFMC_Simulator/startup_workspace/DataSet/IMG/img_2021_02_22-02_41_35_282.jpg,3
/home/ashraf/Documents/BFMC_Simulator/startup_workspace/DataSet/IMG/img_2021_02_22-02_41_35_283.jpg,3
/home/ashraf/Documents/BFMC_Simulator/startup_workspace/DataSet/IMG/img_2021_02_22-02_41_35_284.jpg,3
/home/ashraf/Documents/BFMC_Simulator/startup_workspace/DataSet/IMG/img_2021_02_22-02_42_07_285.jpg,1
/home/ashraf/Documents/BFMC_Simulator/startup_workspace/DataSet/IMG/img_2021_02_22-02_42_07_286.jpg,1
/home/ashraf/Documents/BFMC_Simulator/startup_workspace/DataSet/IMG/img_2021_02_22-02_42_07_287.jpg,0
/home/ashraf/Documents/BFMC_Simulator/startup_workspace/DataSet/IMG/img_2021_02_22-02_42_07_288.jpg,0
/home/ashraf/Documents/BFMC_Simulator/startup_workspace/DataSet/IMG/img_2021_02_22-02_42_07_289.jpg,-1
/home/ashraf/Documents/BFMC_Simulator/startup_workspace/DataSet/IMG/img_2021_02_22-02_42_08_290.jpg,-2
/home/ashraf/Documents/BFMC_Simulator/startup_workspace/DataSet/IMG/img_2021_02_22-02_42_08_291.jpg,-3
/home/ashraf/Documents/BFMC_Simulator/startup_workspace/DataSet/IMG/img_2021_02_22-02_42_08_292.jpg,-4
/home/ashraf/Documents/BFMC_Simulator/startup_workspace/DataSet/IMG/img_2021_02_22-02_42_08_293.jpg,-5
/home/ashraf/Documents/BFMC_Simulator/startup_workspace/DataSet/IMG/img_2021_02_22-02_42_08_294.jpg,-6
/home/ashraf/Documents/BFMC_Simulator/startup_workspace/DataSet/IMG/img_2021_02_22-02_42_08_295.jpg,-7
/home/ashraf/Documents/BFMC_Simulator/startup_workspace/DataSet/IMG/img_2021_02_22-02_42_08_296.jpg,-8
/home/ashraf/Documents/BFMC_Simulator/startup_workspace/DataSet/IMG/img_2021_02_22-02_42_09_297.jpg,-9
/home/ashraf/Documents/BFMC_Simulator/startup_workspace/DataSet/IMG/img_2021_02_22-02_42_09_298.jpg,-9
/home/ashraf/Documents/BFMC_Simulator/startup_workspace/DataSet/IMG/img_2021_02_22-02_42_09_299.jpg,-10
/home/ashraf/Documents/BFMC_Simulator/startup_workspace/DataSet/IMG/img_2021_02_22-02_42_09_300.jpg,-11
/home/ashraf/Documents/BFMC_Simulator/startup_workspace/DataSet/IMG/img_2021_02_22-02_42_09_301.jpg,-11
/home/ashraf/Documents/BFMC_Simulator/startup_workspace/DataSet/IMG/img_2021_02_22-02_42_09_302.jpg,-12
/home/ashraf/Documents/BFMC_Simulator/startup_workspace/DataSet/IMG/img_2021_02_22-02_42_09_303.jpg,-12
/home/ashraf/Documents/BFMC_Simulator/startup_workspace/DataSet/IMG/img_2021_02_22-02_42_10_304.jpg,-12
/home/ashraf/Documents/BFMC_Simulator/startup_workspace/DataSet/IMG/img_2021_02_22-02_42_10_305.jpg,-12
/home/ashraf/Documents/BFMC_Simulator/startup_workspace/DataSet/IMG/img_2021_02_22-02_42_10_306.jpg,-12
/home/ashraf/Documents/BFMC_Simulator/startup_workspace/DataSet/IMG/img_2021_02_22-02_42_10_307.jpg,-12
/home/ashraf/Documents/BFMC_Simulator/startup_workspace/DataSet/IMG/img_2021_02_22-02_42_10_308.jpg,-12
/home/ashraf/Documents/BFMC_Simulator/startup_workspace/DataSet/IMG/img_2021_02_22-02_42_10_309.jpg,-12
/home/ashraf/Documents/BFMC_Simulator/startup_workspace/DataSet/IMG/img_2021_02_22-02_42_10_310.jpg,-12
/home/ashraf/Documents/BFMC_Simulator/startup_workspace/DataSet/IMG/img_2021_02_22-02_42_11_311.jpg,-11
/home/ashraf/Documents/BFMC_Simulator/startup_workspace/DataSet/IMG/img_2021_02_22-02_42_11_312.jpg,-10
/home/ashraf/Documents/BFMC_Simulator/startup_workspace/DataSet/IMG/img_2021_02_22-02_42_11_313.jpg,-10
/home/ashraf/Documents/BFMC_Simulator/startup_workspace/DataSet/IMG/img_2021_02_22-02_42_11_314.jpg,-9
/home/ashraf/Documents/BFMC_Simulator/startup_workspace/DataSet/IMG/img_2021_02_22-02_42_11_315.jpg,-8
/home/ashraf/Documents/BFMC_Simulator/startup_workspace/DataSet/IMG/img_2021_02_22-02_42_11_316.jpg,-7
/home/ashraf/Documents/BFMC_Simulator/startup_workspace/DataSet/IMG/img_2021_02_22-02_42_11_317.jpg,-7
/home/ashraf/Documents/BFMC_Simulator/startup_workspace/DataSet/IMG/img_2021_02_22-02_42_12_318.jpg,-7
/home/ashraf/Documents/BFMC_Simulator/startup_workspace/DataSet/IMG/img_2021_02_22-02_42_12_319.jpg,-6
/home/ashraf/Documents/BFMC_Simulator/startup_workspace/DataSet/IMG/img_2021_02_22-02_42_12_320.jpg,-5
/home/ashraf/Documents/BFMC_Simulator/startup_workspace/DataSet/IMG/img_2021_02_22-02_42_12_321.jpg,-5
/home/ashraf/Documents/BFMC_Simulator/startup_workspace/DataSet/IMG/img_2021_02_22-02_42_12_322.jpg,-4
/home/ashraf/Documents/BFMC_Simulator/startup_workspace/DataSet/IMG/img_2021_02_22-02_42_12_323.jpg,-3
/home/ashraf/Documents/BFMC_Simulator/startup_workspace/DataSet/IMG/img_2021_02_22-02_42_12_324.jpg,-2
/home/ashraf/Documents/BFMC_Simulator/startup_workspace/DataSet/IMG/img_2021_02_22-02_42_13_325.jpg,-1
/home/ashraf/Documents/BFMC_Simulator/startup_workspace/DataSet/IMG/img_2021_02_22-02_42_13_326.jpg,-1
/home/ashraf/Documents/BFMC_Simulator/startup_workspace/DataSet/IMG/img_2021_02_22-02_42_13_327.jpg,0
/home/ashraf/Documents/BFMC_Simulator/startup_workspace/DataSet/IMG/img_2021_02_22-02_42_13_328.jpg,0
/home/ashraf/Documents/BFMC_Simulator/startup_workspace/DataSet/IMG/img_2021_02_22-02_42_13_329.jpg,0
/home/ashraf/Documents/BFMC_Simulator/startup_workspace/DataSet/IMG/img_2021_02_22-02_42_13_330.jpg,1
/home/ashraf/Documents/BFMC_Simulator/startup_workspace/DataSet/IMG/img_2021_02_22-02_42_13_331.jpg,2
/home/ashraf/Documents/BFMC_Simulator/startup_workspace/DataSet/IMG/img_2021_02_22-02_42_13_332.jpg,2
/home/ashraf/Documents/BFMC_Simulator/startup_workspace/DataSet/IMG/img_2021_02_22-02_42_14_333.jpg,2
/home/ashraf/Documents/BFMC_Simulator/startup_workspace/DataSet/IMG/img_2021_02_22-02_42_14_334.jpg,2
/home/ashraf/Documents/BFMC_Simulator/startup_workspace/DataSet/IMG/img_2021_02_22-02_42_14_335.jpg,2
/home/ashraf/Documents/BFMC_Simulator/startup_workspace/DataSet/IMG/img_2021_02_22-02_42_14_336.jpg,2
/home/ashraf/Documents/BFMC_Simulator/startup_workspace/DataSet/IMG/img_2021_02_22-02_42_14_337.jpg,2
/home/ashraf/Documents/BFMC_Simulator/startup_workspace/DataSet/IMG/img_2021_02_22-02_42_14_338.jpg,2
/home/ashraf/Documents/BFMC_Simulator/startup_workspace/DataSet/IMG/img_2021_02_22-02_42_14_339.jpg,2
/home/ashraf/Documents/BFMC_Simulator/startup_workspace/DataSet/IMG/img_2021_02_22-02_42_15_340.jpg,2
/home/ashraf/Documents/BFMC_Simulator/startup_workspace/DataSet/IMG/img_2021_02_22-02_42_15_341.jpg,2
/home/ashraf/Documents/BFMC_Simulator/startup_workspace/DataSet/IMG/img_2021_02_22-02_42_15_342.jpg,2
/home/ashraf/Documents/BFMC_Simulator/startup_workspace/DataSet/IMG/img_2021_02_22-02_42_15_343.jpg,2
/home/ashraf/Documents/BFMC_Simulator/startup_workspace/DataSet/IMG/img_2021_02_22-02_42_15_344.jpg,3
/home/ashraf/Documents/BFMC_Simulator/startup_workspace/DataSet/IMG/img_2021_02_22-02_42_15_345.jpg,4
/home/ashraf/Documents/BFMC_Simulator/startup_workspace/DataSet/IMG/img_2021_02_22-02_42_15_346.jpg,4
/home/ashraf/Documents/BFMC_Simulator/startup_workspace/DataSet/IMG/img_2021_02_22-02_42_16_347.jpg,3
/home/ashraf/Documents/BFMC_Simulator/startup_workspace/DataSet/IMG/img_2021_02_22-02_42_16_348.jpg,2
/home/ashraf/Documents/BFMC_Simulator/startup_workspace/DataSet/IMG/img_2021_02_22-02_42_16_349.jpg,2
/home/ashraf/Documents/BFMC_Simulator/startup_workspace/DataSet/IMG/img_2021_02_22-02_42_16_350.jpg,1
/home/ashraf/Documents/BFMC_Simulator/startup_workspace/DataSet/IMG/img_2021_02_22-02_42_16_351.jpg,1
/home/ashraf/Documents/BFMC_Simulator/startup_workspace/DataSet/IMG/img_2021_02_22-02_42_16_352.jpg,1
/home/ashraf/Documents/BFMC_Simulator/startup_workspace/DataSet/IMG/img_2021_02_22-02_42_16_353.jpg,1
/home/ashraf/Documents/BFMC_Simulator/startup_workspace/DataSet/IMG/img_2021_02_22-02_42_17_354.jpg,1
/home/ashraf/Documents/BFMC_Simulator/startup_workspace/DataSet/IMG/img_2021_02_22-02_42_17_355.jpg,1
/home/ashraf/Documents/BFMC_Simulator/startup_workspace/DataSet/IMG/img_2021_02_22-02_42_17_356.jpg,1
/home/ashraf/Documents/BFMC_Simulator/startup_workspace/DataSet/IMG/img_2021_02_22-02_42_17_357.jpg,0
/home/ashraf/Documents/BFMC_Simulator/startup_workspace/DataSet/IMG/img_2021_02_22-02_42_17_358.jpg,-1
/home/ashraf/Documents/BFMC_Simulator/startup_workspace/DataSet/IMG/img_2021_02_22-02_42_17_359.jpg,-1
/home/ashraf/Documents/BFMC_Simulator/startup_workspace/DataSet/IMG/img_2021_02_22-02_42_17_360.jpg,-2
/home/ashraf/Documents/BFMC_Simulator/startup_workspace/DataSet/IMG/img_2021_02_22-02_42_18_361.jpg,-2
/home/ashraf/Documents/BFMC_Simulator/startup_workspace/DataSet/IMG/img_2021_02_22-02_42_18_362.jpg,-2
/home/ashraf/Documents/BFMC_Simulator/startup_workspace/DataSet/IMG/img_2021_02_22-02_42_18_363.jpg,-2
/home/ashraf/Documents/BFMC_Simulator/startup_workspace/DataSet/IMG/img_2021_02_22-02_42_18_364.jpg,-2
/home/ashraf/Documents/BFMC_Simulator/startup_workspace/DataSet/IMG/img_2021_02_22-02_42_18_365.jpg,-1
/home/ashraf/Documents/BFMC_Simulator/startup_workspace/DataSet/IMG/img_2021_02_22-02_42_18_366.jpg,-2
/home/ashraf/Documents/BFMC_Simulator/startup_workspace/DataSet/IMG/img_2021_02_22-02_42_18_367.jpg,-2
/home/ashraf/Documents/BFMC_Simulator/startup_workspace/DataSet/IMG/img_2021_02_22-02_42_19_368.jpg,-2
/home/ashraf/Documents/BFMC_Simulator/startup_workspace/DataSet/IMG/img_2021_02_22-02_42_54_369.jpg,-4
/home/ashraf/Documents/BFMC_Simulator/startup_workspace/DataSet/IMG/img_2021_02_22-02_42_54_370.jpg,-4
/home/ashraf/Documents/BFMC_Simulator/startup_workspace/DataSet/IMG/img_2021_02_22-02_42_54_371.jpg,-3
/home/ashraf/Documents/BFMC_Simulator/startup_workspace/DataSet/IMG/img_2021_02_22-02_42_55_372.jpg,-3
/home/ashraf/Documents/BFMC_Simulator/startup_workspace/DataSet/IMG/img_2021_02_22-02_42_55_373.jpg,-3
/home/ashraf/Documents/BFMC_Simulator/startup_workspace/DataSet/IMG/img_2021_02_22-02_42_55_374.jpg,-3
/home/ashraf/Documents/BFMC_Simulator/startup_workspace/DataSet/IMG/img_2021_02_22-02_42_55_375.jpg,-3
/home/ashraf/Documents/BFMC_Simulator/startup_workspace/DataSet/IMG/img_2021_02_22-02_42_55_376.jpg,-3
/home/ashraf/Documents/BFMC_Simulator/startup_workspace/DataSet/IMG/img_2021_02_22-02_42_55_377.jpg,-3
/home/ashraf/Documents/BFMC_Simulator/startup_workspace/DataSet/IMG/img_2021_02_22-02_42_55_378.jpg,-3
/home/ashraf/Documents/BFMC_Simulator/startup_workspace/DataSet/IMG/img_2021_02_22-02_42_56_379.jpg,-3
/home/ashraf/Documents/BFMC_Simulator/startup_workspace/DataSet/IMG/img_2021_02_22-02_43_00_380.jpg,0
/home/ashraf/Documents/BFMC_Simulator/startup_workspace/DataSet/IMG/img_2021_02_22-02_43_00_381.jpg,-1
/home/ashraf/Documents/BFMC_Simulator/startup_workspace/DataSet/IMG/img_2021_02_22-02_43_00_382.jpg,-1
/home/ashraf/Documents/BFMC_Simulator/startup_workspace/DataSet/IMG/img_2021_02_22-02_43_00_383.jpg,-2
/home/ashraf/Documents/BFMC_Simulator/startup_workspace/DataSet/IMG/img_2021_02_22-02_43_00_384.jpg,-3
/home/ashraf/Documents/BFMC_Simulator/startup_workspace/DataSet/IMG/img_2021_02_22-02_43_00_385.jpg,-4
/home/ashraf/Documents/BFMC_Simulator/startup_workspace/DataSet/IMG/img_2021_02_22-02_43_01_386.jpg,-5
/home/ashraf/Documents/BFMC_Simulator/startup_workspace/DataSet/IMG/img_2021_02_22-02_43_01_387.jpg,-5
/home/ashraf/Documents/BFMC_Simulator/startup_workspace/DataSet/IMG/img_2021_02_22-02_43_01_388.jpg,-6
/home/ashraf/Documents/BFMC_Simulator/startup_workspace/DataSet/IMG/img_2021_02_22-02_43_01_389.jpg,-7
/home/ashraf/Documents/BFMC_Simulator/startup_workspace/DataSet/IMG/img_2021_02_22-02_43_01_390.jpg,-7
/home/ashraf/Documents/BFMC_Simulator/startup_workspace/DataSet/IMG/img_2021_02_22-02_43_01_391.jpg,-7
/home/ashraf/Documents/BFMC_Simulator/startup_workspace/DataSet/IMG/img_2021_02_22-02_43_01_392.jpg,-7
/home/ashraf/Documents/BFMC_Simulator/startup_workspace/DataSet/IMG/img_2021_02_22-02_43_02_393.jpg,-7
/home/ashraf/Documents/BFMC_Simulator/startup_workspace/DataSet/IMG/img_2021_02_22-02_43_02_394.jpg,-7
/home/ashraf/Documents/BFMC_Simulator/startup_workspace/DataSet/IMG/img_2021_02_22-02_43_02_395.jpg,-7
/home/ashraf/Documents/BFMC_Simulator/startup_workspace/DataSet/IMG/img_2021_02_22-02_43_02_396.jpg,-8
/home/ashraf/Documents/BFMC_Simulator/startup_workspace/DataSet/IMG/img_2021_02_22-02_43_02_397.jpg,-9
/home/ashraf/Documents/BFMC_Simulator/startup_workspace/DataSet/IMG/img_2021_02_22-02_43_02_398.jpg,-9
/home/ashraf/Documents/BFMC_Simulator/startup_workspace/DataSet/IMG/img_2021_02_22-02_43_02_399.jpg,-9
/home/ashraf/Documents/BFMC_Simulator/startup_workspace/DataSet/IMG/img_2021_02_22-02_43_03_400.jpg,-9
/home/ashraf/Documents/BFMC_Simulator/startup_workspace/DataSet/IMG/img_2021_02_22-02_43_03_401.jpg,-9
/home/ashraf/Documents/BFMC_Simulator/startup_workspace/DataSet/IMG/img_2021_02_22-02_43_03_402.jpg,-9
/home/ashraf/Documents/BFMC_Simulator/startup_workspace/DataSet/IMG/img_2021_02_22-02_43_03_403.jpg,-9
/home/ashraf/Documents/BFMC_Simulator/startup_workspace/DataSet/IMG/img_2021_02_22-02_43_03_404.jpg,-9
/home/ashraf/Documents/BFMC_Simulator/startup_workspace/DataSet/IMG/img_2021_02_22-02_43_03_405.jpg,-9
/home/ashraf/Documents/BFMC_Simulator/startup_workspace/DataSet/IMG/img_2021_02_22-02_43_03_406.jpg,-8
/home/ashraf/Documents/BFMC_Simulator/startup_workspace/DataSet/IMG/img_2021_02_22-02_43_04_407.jpg,-8
/home/ashraf/Documents/BFMC_Simulator/startup_workspace/DataSet/IMG/img_2021_02_22-02_43_04_408.jpg,-7
/home/ashraf/Documents/BFMC_Simulator/startup_workspace/DataSet/IMG/img_2021_02_22-02_43_04_409.jpg,-6
/home/ashraf/Documents/BFMC_Simulator/startup_workspace/DataSet/IMG/img_2021_02_22-02_43_04_410.jpg,-5
/home/ashraf/Documents/BFMC_Simulator/startup_workspace/DataSet/IMG/img_2021_02_22-02_43_04_411.jpg,-5
/home/ashraf/Documents/BFMC_Simulator/startup_workspace/DataSet/IMG/img_2021_02_22-02_43_04_412.jpg,-4
/home/ashraf/Documents/BFMC_Simulator/startup_workspace/DataSet/IMG/img_2021_02_22-02_43_04_413.jpg,-4
/home/ashraf/Documents/BFMC_Simulator/startup_workspace/DataSet/IMG/img_2021_02_22-02_43_04_414.jpg,-3
/home/ashraf/Documents/BFMC_Simulator/startup_workspace/DataSet/IMG/img_2021_02_22-02_43_05_415.jpg,-2
/home/ashraf/Documents/BFMC_Simulator/startup_workspace/DataSet/IMG/img_2021_02_22-02_43_05_416.jpg,-2
/home/ashraf/Documents/BFMC_Simulator/startup_workspace/DataSet/IMG/img_2021_02_22-02_43_05_417.jpg,-2
/home/ashraf/Documents/BFMC_Simulator/startup_workspace/DataSet/IMG/img_2021_02_22-02_43_05_418.jpg,-2
/home/ashraf/Documents/BFMC_Simulator/startup_workspace/DataSet/IMG/img_2021_02_22-02_43_05_419.jpg,-1
/home/ashraf/Documents/BFMC_Simulator/startup_workspace/DataSet/IMG/img_2021_02_22-02_43_05_420.jpg,-1
/home/ashraf/Documents/BFMC_Simulator/startup_workspace/DataSet/IMG/img_2021_02_22-02_43_06_421.jpg,0
/home/ashraf/Documents/BFMC_Simulator/startup_workspace/DataSet/IMG/img_2021_02_22-02_43_06_422.jpg,1
/home/ashraf/Documents/BFMC_Simulator/startup_workspace/DataSet/IMG/img_2021_02_22-02_43_06_423.jpg,1
/home/ashraf/Documents/BFMC_Simulator/startup_workspace/DataSet/IMG/img_2021_02_22-02_43_06_424.jpg,1
/home/ashraf/Documents/BFMC_Simulator/startup_workspace/DataSet/IMG/img_2021_02_22-02_43_06_425.jpg,1
/home/ashraf/Documents/BFMC_Simulator/startup_workspace/DataSet/IMG/img_2021_02_22-02_43_06_426.jpg,1
/home/ashraf/Documents/BFMC_Simulator/startup_workspace/DataSet/IMG/img_2021_02_22-02_43_06_427.jpg,2
/home/ashraf/Documents/BFMC_Simulator/startup_workspace/DataSet/IMG/img_2021_02_22-02_43_06_428.jpg,3
/home/ashraf/Documents/BFMC_Simulator/startup_workspace/DataSet/IMG/img_2021_02_22-02_43_07_429.jpg,3
/home/ashraf/Documents/BFMC_Simulator/startup_workspace/DataSet/IMG/img_2021_02_22-02_43_07_430.jpg,3
/home/ashraf/Documents/BFMC_Simulator/startup_workspace/DataSet/IMG/img_2021_02_22-02_43_07_431.jpg,2
/home/ashraf/Documents/BFMC_Simulator/startup_workspace/DataSet/IMG/img_2021_02_22-02_43_07_432.jpg,2
/home/ashraf/Documents/BFMC_Simulator/startup_workspace/DataSet/IMG/img_2021_02_22-02_43_07_433.jpg,2
/home/ashraf/Documents/BFMC_Simulator/startup_workspace/DataSet/IMG/img_2021_02_22-02_43_07_434.jpg,3
/home/ashraf/Documents/BFMC_Simulator/startup_workspace/DataSet/IMG/img_2021_02_22-02_43_07_435.jpg,3
/home/ashraf/Documents/BFMC_Simulator/startup_workspace/DataSet/IMG/img_2021_02_22-02_43_08_436.jpg,3
/home/ashraf/Documents/BFMC_Simulator/startup_workspace/DataSet/IMG/img_2021_02_22-02_43_08_437.jpg,3
/home/ashraf/Documents/BFMC_Simulator/startup_workspace/DataSet/IMG/img_2021_02_22-02_43_08_438.jpg,3
/home/ashraf/Documents/BFMC_Simulator/startup_workspace/DataSet/IMG/img_2021_02_22-02_43_08_439.jpg,3
/home/ashraf/Documents/BFMC_Simulator/startup_workspace/DataSet/IMG/img_2021_02_22-02_43_08_440.jpg,3
/home/ashraf/Documents/BFMC_Simulator/startup_workspace/DataSet/IMG/img_2021_02_22-02_43_08_441.jpg,3
/home/ashraf/Documents/BFMC_Simulator/startup_workspace/DataSet/IMG/img_2021_02_22-02_43_22_442.jpg,2
/home/ashraf/Documents/BFMC_Simulator/startup_workspace/DataSet/IMG/img_2021_02_22-02_43_22_443.jpg,2
/home/ashraf/Documents/BFMC_Simulator/startup_workspace/DataSet/IMG/img_2021_02_22-02_43_22_444.jpg,2
/home/ashraf/Documents/BFMC_Simulator/startup_workspace/DataSet/IMG/img_2021_02_22-02_43_22_445.jpg,2
/home/ashraf/Documents/BFMC_Simulator/startup_workspace/DataSet/IMG/img_2021_02_22-02_43_22_446.jpg,2
/home/ashraf/Documents/BFMC_Simulator/startup_workspace/DataSet/IMG/img_2021_02_22-02_43_23_447.jpg,2
/home/ashraf/Documents/BFMC_Simulator/startup_workspace/DataSet/IMG/img_2021_02_22-02_43_23_448.jpg,2
/home/ashraf/Documents/BFMC_Simulator/startup_workspace/DataSet/IMG/img_2021_02_22-02_43_23_449.jpg,1
/home/ashraf/Documents/BFMC_Simulator/startup_workspace/DataSet/IMG/img_2021_02_22-02_43_23_450.jpg,1
/home/ashraf/Documents/BFMC_Simulator/startup_workspace/DataSet/IMG/img_2021_02_22-02_43_23_451.jpg,1
/home/ashraf/Documents/BFMC_Simulator/startup_workspace/DataSet/IMG/img_2021_02_22-02_43_23_452.jpg,0
/home/ashraf/Documents/BFMC_Simulator/startup_workspace/DataSet/IMG/img_2021_02_22-02_43_23_453.jpg,0
/home/ashraf/Documents/BFMC_Simulator/startup_workspace/DataSet/IMG/img_2021_02_22-02_43_24_454.jpg,0
/home/ashraf/Documents/BFMC_Simulator/startup_workspace/DataSet/IMG/img_2021_02_22-02_43_24_455.jpg,0
/home/ashraf/Documents/BFMC_Simulator/startup_workspace/DataSet/IMG/img_2021_02_22-02_43_24_456.jpg,-1
/home/ashraf/Documents/BFMC_Simulator/startup_workspace/DataSet/IMG/img_2021_02_22-02_43_24_457.jpg,-1
/home/ashraf/Documents/BFMC_Simulator/startup_workspace/DataSet/IMG/img_2021_02_22-02_43_24_458.jpg,-2
/home/ashraf/Documents/BFMC_Simulator/startup_workspace/DataSet/IMG/img_2021_02_22-02_43_24_459.jpg,-3
/home/ashraf/Documents/BFMC_Simulator/startup_workspace/DataSet/IMG/img_2021_02_22-02_43_24_460.jpg,-4
/home/ashraf/Documents/BFMC_Simulator/startup_workspace/DataSet/IMG/img_2021_02_22-02_43_25_461.jpg,-4
/home/ashraf/Documents/BFMC_Simulator/startup_workspace/DataSet/IMG/img_2021_02_22-02_43_25_462.jpg,-5
/home/ashraf/Documents/BFMC_Simulator/startup_workspace/DataSet/IMG/img_2021_02_22-02_43_25_463.jpg,-6
/home/ashraf/Documents/BFMC_Simulator/startup_workspace/DataSet/IMG/img_2021_02_22-02_43_25_464.jpg,-7
/home/ashraf/Documents/BFMC_Simulator/startup_workspace/DataSet/IMG/img_2021_02_22-02_43_25_465.jpg,-7
/home/ashraf/Documents/BFMC_Simulator/startup_workspace/DataSet/IMG/img_2021_02_22-02_43_25_466.jpg,-8
/home/ashraf/Documents/BFMC_Simulator/startup_workspace/DataSet/IMG/img_2021_02_22-02_43_25_467.jpg,-8
/home/ashraf/Documents/BFMC_Simulator/startup_workspace/DataSet/IMG/img_2021_02_22-02_43_25_468.jpg,-8
/home/ashraf/Documents/BFMC_Simulator/startup_workspace/DataSet/IMG/img_2021_02_22-02_43_26_469.jpg,-8
/home/ashraf/Documents/BFMC_Simulator/startup_workspace/DataSet/IMG/img_2021_02_22-02_43_26_470.jpg,-8
/home/ashraf/Documents/BFMC_Simulator/startup_workspace/DataSet/IMG/img_2021_02_22-02_43_26_471.jpg,-9
/home/ashraf/Documents/BFMC_Simulator/startup_workspace/DataSet/IMG/img_2021_02_22-02_43_26_472.jpg,-9
/home/ashraf/Documents/BFMC_Simulator/startup_workspace/DataSet/IMG/img_2021_02_22-02_43_26_473.jpg,-9
/home/ashraf/Documents/BFMC_Simulator/startup_workspace/DataSet/IMG/img_2021_02_22-02_43_26_474.jpg,-9
/home/ashraf/Documents/BFMC_Simulator/startup_workspace/DataSet/IMG/img_2021_02_22-02_43_27_475.jpg,-8
/home/ashraf/Documents/BFMC_Simulator/startup_workspace/DataSet/IMG/img_2021_02_22-02_43_27_476.jpg,-8
/home/ashraf/Documents/BFMC_Simulator/startup_workspace/DataSet/IMG/img_2021_02_22-02_43_27_477.jpg,-7
/home/ashraf/Documents/BFMC_Simulator/startup_workspace/DataSet/IMG/img_2021_02_22-02_43_27_478.jpg,-6
/home/ashraf/Documents/BFMC_Simulator/startup_workspace/DataSet/IMG/img_2021_02_22-02_43_27_479.jpg,-6
/home/ashraf/Documents/BFMC_Simulator/startup_workspace/DataSet/IMG/img_2021_02_22-02_43_27_480.jpg,-6
/home/ashraf/Documents/BFMC_Simulator/startup_workspace/DataSet/IMG/img_2021_02_22-02_43_27_481.jpg,-6
/home/ashraf/Documents/BFMC_Simulator/startup_workspace/DataSet/IMG/img_2021_02_22-02_43_27_482.jpg,-5
/home/ashraf/Documents/BFMC_Simulator/startup_workspace/DataSet/IMG/img_2021_02_22-02_43_28_483.jpg,-5
/home/ashraf/Documents/BFMC_Simulator/startup_workspace/DataSet/IMG/img_2021_02_22-02_43_28_484.jpg,-5
/home/ashraf/Documents/BFMC_Simulator/startup_workspace/DataSet/IMG/img_2021_02_22-02_43_28_485.jpg,-4
/home/ashraf/Documents/BFMC_Simulator/startup_workspace/DataSet/IMG/img_2021_02_22-02_43_28_486.jpg,-3
/home/ashraf/Documents/BFMC_Simulator/startup_workspace/DataSet/IMG/img_2021_02_22-02_43_28_487.jpg,-3
/home/ashraf/Documents/BFMC_Simulator/startup_workspace/DataSet/IMG/img_2021_02_22-02_43_28_488.jpg,-3
/home/ashraf/Documents/BFMC_Simulator/startup_workspace/DataSet/IMG/img_2021_02_22-02_43_28_489.jpg,-3
/home/ashraf/Documents/BFMC_Simulator/startup_workspace/DataSet/IMG/img_2021_02_22-02_43_29_490.jpg,-2
/home/ashraf/Documents/BFMC_Simulator/startup_workspace/DataSet/IMG/img_2021_02_22-02_43_29_491.jpg,-1
/home/ashraf/Documents/BFMC_Simulator/startup_workspace/DataSet/IMG/img_2021_02_22-02_43_29_492.jpg,-1
/home/ashraf/Documents/BFMC_Simulator/startup_workspace/DataSet/IMG/img_2021_02_22-02_43_29_493.jpg,0
/home/ashraf/Documents/BFMC_Simulator/startup_workspace/DataSet/IMG/img_2021_02_22-02_43_29_494.jpg,1
/home/ashraf/Documents/BFMC_Simulator/startup_workspace/DataSet/IMG/img_2021_02_22-02_43_29_495.jpg,2
/home/ashraf/Documents/BFMC_Simulator/startup_workspace/DataSet/IMG/img_2021_02_22-02_43_29_496.jpg,2
/home/ashraf/Documents/BFMC_Simulator/startup_workspace/DataSet/IMG/img_2021_02_22-02_43_30_497.jpg,3
/home/ashraf/Documents/BFMC_Simulator/startup_workspace/DataSet/IMG/img_2021_02_22-02_43_30_498.jpg,4
/home/ashraf/Documents/BFMC_Simulator/startup_workspace/DataSet/IMG/img_2021_02_22-02_43_30_499.jpg,4
/home/ashraf/Documents/BFMC_Simulator/startup_workspace/DataSet/IMG/img_2021_02_22-02_43_30_500.jpg,4
/home/ashraf/Documents/BFMC_Simulator/startup_workspace/DataSet/IMG/img_2021_02_22-02_43_30_501.jpg,4
/home/ashraf/Documents/BFMC_Simulator/startup_workspace/DataSet/IMG/img_2021_02_22-02_43_30_502.jpg,4
/home/ashraf/Documents/BFMC_Simulator/startup_workspace/DataSet/IMG/img_2021_02_22-02_43_30_503.jpg,5
/home/ashraf/Documents/BFMC_Simulator/startup_workspace/DataSet/IMG/img_2021_02_22-02_43_31_504.jpg,5
/home/ashraf/Documents/BFMC_Simulator/startup_workspace/DataSet/IMG/img_2021_02_22-02_43_31_505.jpg,5
/home/ashraf/Documents/BFMC_Simulator/startup_workspace/DataSet/IMG/img_2021_02_22-02_43_31_506.jpg,5
/home/ashraf/Documents/BFMC_Simulator/startup_workspace/DataSet/IMG/img_2021_02_22-02_43_31_507.jpg,5
/home/ashraf/Documents/BFMC_Simulator/startup_workspace/DataSet/IMG/img_2021_02_22-02_43_31_508.jpg,5
/home/ashraf/Documents/BFMC_Simulator/startup_workspace/DataSet/IMG/img_2021_02_22-02_43_31_509.jpg,5
/home/ashraf/Documents/BFMC_Simulator/startup_workspace/DataSet/IMG/img_2021_02_22-02_43_31_510.jpg,5
/home/ashraf/Documents/BFMC_Simulator/startup_workspace/DataSet/IMG/img_2021_02_22-02_43_32_511.jpg,5
/home/ashraf/Documents/BFMC_Simulator/startup_workspace/DataSet/IMG/img_2021_02_22-02_43_32_512.jpg,5
/home/ashraf/Documents/BFMC_Simulator/startup_workspace/DataSet/IMG/img_2021_02_22-02_43_32_513.jpg,5
/home/ashraf/Documents/BFMC_Simulator/startup_workspace/DataSet/IMG/img_2021_02_22-02_43_32_514.jpg,5
/home/ashraf/Documents/BFMC_Simulator/startup_workspace/DataSet/IMG/img_2021_02_22-02_43_32_515.jpg,5
/home/ashraf/Documents/BFMC_Simulator/startup_workspace/DataSet/IMG/img_2021_02_22-02_43_32_516.jpg,4
/home/ashraf/Documents/BFMC_Simulator/startup_workspace/DataSet/IMG/img_2021_02_22-02_43_32_517.jpg,3
/home/ashraf/Documents/BFMC_Simulator/startup_workspace/DataSet/IMG/img_2021_02_22-02_43_33_518.jpg,3
/home/ashraf/Documents/BFMC_Simulator/startup_workspace/DataSet/IMG/img_2021_02_22-02_43_33_519.jpg,3
/home/ashraf/Documents/BFMC_Simulator/startup_workspace/DataSet/IMG/img_2021_02_22-02_43_33_520.jpg,4
/home/ashraf/Documents/BFMC_Simulator/startup_workspace/DataSet/IMG/img_2021_02_22-02_43_33_521.jpg,4
/home/ashraf/Documents/BFMC_Simulator/startup_workspace/DataSet/IMG/img_2021_02_22-02_43_33_522.jpg,3
/home/ashraf/Documents/BFMC_Simulator/startup_workspace/DataSet/IMG/img_2021_02_22-02_43_33_523.jpg,3
/home/ashraf/Documents/BFMC_Simulator/startup_workspace/DataSet/IMG/img_2021_02_22-02_43_33_524.jpg,3
/home/ashraf/Documents/BFMC_Simulator/startup_workspace/DataSet/IMG/img_2021_02_22-02_43_34_525.jpg,3
/home/ashraf/Documents/BFMC_Simulator/startup_workspace/DataSet/IMG/img_2021_02_22-02_43_34_526.jpg,3
/home/ashraf/Documents/BFMC_Simulator/startup_workspace/DataSet/IMG/img_2021_02_22-02_43_34_527.jpg,3
/home/ashraf/Documents/BFMC_Simulator/startup_workspace/DataSet/IMG/img_2021_02_22-02_44_03_528.jpg,0
/home/ashraf/Documents/BFMC_Simulator/startup_workspace/DataSet/IMG/img_2021_02_22-02_44_03_529.jpg,0
/home/ashraf/Documents/BFMC_Simulator/startup_workspace/DataSet/IMG/img_2021_02_22-02_44_04_530.jpg,0
/home/ashraf/Documents/BFMC_Simulator/startup_workspace/DataSet/IMG/img_2021_02_22-02_44_04_531.jpg,-1
/home/ashraf/Documents/BFMC_Simulator/startup_workspace/DataSet/IMG/img_2021_02_22-02_44_04_532.jpg,-2
/home/ashraf/Documents/BFMC_Simulator/startup_workspace/DataSet/IMG/img_2021_02_22-02_44_04_533.jpg,-3
/home/ashraf/Documents/BFMC_Simulator/startup_workspace/DataSet/IMG/img_2021_02_22-02_44_04_534.jpg,-3
/home/ashraf/Documents/BFMC_Simulator/startup_workspace/DataSet/IMG/img_2021_02_22-02_44_04_535.jpg,-4
/home/ashraf/Documents/BFMC_Simulator/startup_workspace/DataSet/IMG/img_2021_02_22-02_44_04_536.jpg,-5
/home/ashraf/Documents/BFMC_Simulator/startup_workspace/DataSet/IMG/img_2021_02_22-02_44_05_537.jpg,-5
/home/ashraf/Documents/BFMC_Simulator/startup_workspace/DataSet/IMG/img_2021_02_22-02_44_05_538.jpg,-6
/home/ashraf/Documents/BFMC_Simulator/startup_workspace/DataSet/IMG/img_2021_02_22-02_44_05_539.jpg,-7
/home/ashraf/Documents/BFMC_Simulator/startup_workspace/DataSet/IMG/img_2021_02_22-02_44_05_540.jpg,-8
/home/ashraf/Documents/BFMC_Simulator/startup_workspace/DataSet/IMG/img_2021_02_22-02_44_05_541.jpg,-9
/home/ashraf/Documents/BFMC_Simulator/startup_workspace/DataSet/IMG/img_2021_02_22-02_44_05_542.jpg,-10
/home/ashraf/Documents/BFMC_Simulator/startup_workspace/DataSet/IMG/img_2021_02_22-02_44_05_543.jpg,-10
/home/ashraf/Documents/BFMC_Simulator/startup_workspace/DataSet/IMG/img_2021_02_22-02_44_06_544.jpg,-11
/home/ashraf/Documents/BFMC_Simulator/startup_workspace/DataSet/IMG/img_2021_02_22-02_44_06_545.jpg,-12
/home/ashraf/Documents/BFMC_Simulator/startup_workspace/DataSet/IMG/img_2021_02_22-02_44_06_546.jpg,-13
/home/ashraf/Documents/BFMC_Simulator/startup_workspace/DataSet/IMG/img_2021_02_22-02_44_06_547.jpg,-13
/home/ashraf/Documents/BFMC_Simulator/startup_workspace/DataSet/IMG/img_2021_02_22-02_44_06_548.jpg,-13
/home/ashraf/Documents/BFMC_Simulator/startup_workspace/DataSet/IMG/img_2021_02_22-02_44_06_549.jpg,-13
/home/ashraf/Documents/BFMC_Simulator/startup_workspace/DataSet/IMG/img_2021_02_22-02_44_06_550.jpg,-13
/home/ashraf/Documents/BFMC_Simulator/startup_workspace/DataSet/IMG/img_2021_02_22-02_44_07_551.jpg,-13
/home/ashraf/Documents/BFMC_Simulator/startup_workspace/DataSet/IMG/img_2021_02_22-02_44_07_552.jpg,-13
/home/ashraf/Documents/BFMC_Simulator/startup_workspace/DataSet/IMG/img_2021_02_22-02_44_07_553.jpg,-13
/home/ashraf/Documents/BFMC_Simulator/startup_workspace/DataSet/IMG/img_2021_02_22-02_44_07_554.jpg,-13
/home/ashraf/Documents/BFMC_Simulator/startup_workspace/DataSet/IMG/img_2021_02_22-02_44_07_555.jpg,-13
/home/ashraf/Documents/BFMC_Simulator/startup_workspace/DataSet/IMG/img_2021_02_22-02_44_07_556.jpg,-13
/home/ashraf/Documents/BFMC_Simulator/startup_workspace/DataSet/IMG/img_2021_02_22-02_44_07_557.jpg,-13
/home/ashraf/Documents/BFMC_Simulator/startup_workspace/DataSet/IMG/img_2021_02_22-02_44_08_558.jpg,-12
/home/ashraf/Documents/BFMC_Simulator/startup_workspace/DataSet/IMG/img_2021_02_22-02_44_08_559.jpg,-11
/home/ashraf/Documents/BFMC_Simulator/startup_workspace/DataSet/IMG/img_2021_02_22-02_44_08_560.jpg,-10
/home/ashraf/Documents/BFMC_Simulator/startup_workspace/DataSet/IMG/img_2021_02_22-02_44_08_561.jpg,-10
/home/ashraf/Documents/BFMC_Simulator/startup_workspace/DataSet/IMG/img_2021_02_22-02_44_08_562.jpg,-9
/home/ashraf/Documents/BFMC_Simulator/startup_workspace/DataSet/IMG/img_2021_02_22-02_44_08_563.jpg,-8
/home/ashraf/Documents/BFMC_Simulator/startup_workspace/DataSet/IMG/img_2021_02_22-02_44_08_564.jpg,-7
/home/ashraf/Documents/BFMC_Simulator/startup_workspace/DataSet/IMG/img_2021_02_22-02_44_09_565.jpg,-6
/home/ashraf/Documents/BFMC_Simulator/startup_workspace/DataSet/IMG/img_2021_02_22-02_44_09_566.jpg,-6
/home/ashraf/Documents/BFMC_Simulator/startup_workspace/DataSet/IMG/img_2021_02_22-02_44_09_567.jpg,-5
/home/ashraf/Documents/BFMC_Simulator/startup_workspace/DataSet/IMG/img_2021_02_22-02_44_09_568.jpg,-4
/home/ashraf/Documents/BFMC_Simulator/startup_workspace/DataSet/IMG/img_2021_02_22-02_44_09_569.jpg,-3
/home/ashraf/Documents/BFMC_Simulator/startup_workspace/DataSet/IMG/img_2021_02_22-02_44_09_570.jpg,-3
/home/ashraf/Documents/BFMC_Simulator/startup_workspace/DataSet/IMG/img_2021_02_22-02_44_09_571.jpg,-2
/home/ashraf/Documents/BFMC_Simulator/startup_workspace/DataSet/IMG/img_2021_02_22-02_44_10_572.jpg,-2
/home/ashraf/Documents/BFMC_Simulator/startup_workspace/DataSet/IMG/img_2021_02_22-02_44_10_573.jpg,-1
/home/ashraf/Documents/BFMC_Simulator/startup_workspace/DataSet/IMG/img_2021_02_22-02_44_10_574.jpg,0
/home/ashraf/Documents/BFMC_Simulator/startup_workspace/DataSet/IMG/img_2021_02_22-02_44_10_575.jpg,0
/home/ashraf/Documents/BFMC_Simulator/startup_workspace/DataSet/IMG/img_2021_02_22-02_44_10_576.jpg,1
/home/ashraf/Documents/BFMC_Simulator/startup_workspace/DataSet/IMG/img_2021_02_22-02_44_10_577.jpg,2
/home/ashraf/Documents/BFMC_Simulator/startup_workspace/DataSet/IMG/img_2021_02_22-02_44_10_578.jpg,2
/home/ashraf/Documents/BFMC_Simulator/startup_workspace/DataSet/IMG/img_2021_02_22-02_44_11_579.jpg,3
/home/ashraf/Documents/BFMC_Simulator/startup_workspace/DataSet/IMG/img_2021_02_22-02_44_11_580.jpg,4
/home/ashraf/Documents/BFMC_Simulator/startup_workspace/DataSet/IMG/img_2021_02_22-02_44_11_581.jpg,4
/home/ashraf/Documents/BFMC_Simulator/startup_workspace/DataSet/IMG/img_2021_02_22-02_44_11_582.jpg,5
/home/ashraf/Documents/BFMC_Simulator/startup_workspace/DataSet/IMG/img_2021_02_22-02_44_11_583.jpg,5
/home/ashraf/Documents/BFMC_Simulator/startup_workspace/DataSet/IMG/img_2021_02_22-02_44_11_584.jpg,5
/home/ashraf/Documents/BFMC_Simulator/startup_workspace/DataSet/IMG/img_2021_02_22-02_44_11_585.jpg,5
/home/ashraf/Documents/BFMC_Simulator/startup_workspace/DataSet/IMG/img_2021_02_22-02_44_11_586.jpg,5
/home/ashraf/Documents/BFMC_Simulator/startup_workspace/DataSet/IMG/img_2021_02_22-02_44_12_587.jpg,5
/home/ashraf/Documents/BFMC_Simulator/startup_workspace/DataSet/IMG/img_2021_02_22-02_44_12_588.jpg,5
/home/ashraf/Documents/BFMC_Simulator/startup_workspace/DataSet/IMG/img_2021_02_22-02_44_12_589.jpg,5
/home/ashraf/Documents/BFMC_Simulator/startup_workspace/DataSet/IMG/img_2021_02_22-02_44_12_590.jpg,5
/home/ashraf/Documents/BFMC_Simulator/startup_workspace/DataSet/IMG/img_2021_02_22-02_44_12_591.jpg,5
/home/ashraf/Documents/BFMC_Simulator/startup_workspace/DataSet/IMG/img_2021_02_22-02_44_12_592.jpg,5
/home/ashraf/Documents/BFMC_Simulator/startup_workspace/DataSet/IMG/img_2021_02_22-02_44_12_593.jpg,5
/home/ashraf/Documents/BFMC_Simulator/startup_workspace/DataSet/IMG/img_2021_02_22-02_44_13_594.jpg,5
/home/ashraf/Documents/BFMC_Simulator/startup_workspace/DataSet/IMG/img_2021_02_22-02_44_13_595.jpg,5
/home/ashraf/Documents/BFMC_Simulator/startup_workspace/DataSet/IMG/img_2021_02_22-02_44_13_596.jpg,5
/home/ashraf/Documents/BFMC_Simulator/startup_workspace/DataSet/IMG/img_2021_02_22-02_44_13_597.jpg,5
/home/ashraf/Documents/BFMC_Simulator/startup_workspace/DataSet/IMG/img_2021_02_22-02_44_13_598.jpg,5
/home/ashraf/Documents/BFMC_Simulator/startup_workspace/DataSet/IMG/img_2021_02_22-02_44_13_599.jpg,5
/home/ashraf/Documents/BFMC_Simulator/startup_workspace/DataSet/IMG/img_2021_02_22-02_44_13_600.jpg,5
/home/ashraf/Documents/BFMC_Simulator/startup_workspace/DataSet/IMG/img_2021_02_22-02_44_14_601.jpg,5
/home/ashraf/Documents/BFMC_Simulator/startup_workspace/DataSet/IMG/img_2021_02_22-02_44_14_602.jpg,5
/home/ashraf/Documents/BFMC_Simulator/startup_workspace/DataSet/IMG/img_2021_02_22-02_44_14_603.jpg,5
/home/ashraf/Documents/BFMC_Simulator/startup_workspace/DataSet/IMG/img_2021_02_22-02_44_14_604.jpg,5
/home/ashraf/Documents/BFMC_Simulator/startup_workspace/DataSet/IMG/img_2021_02_22-02_44_14_605.jpg,5
/home/ashraf/Documents/BFMC_Simulator/startup_workspace/DataSet/IMG/img_2021_02_22-02_44_14_606.jpg,5
/home/ashraf/Documents/BFMC_Simulator/startup_workspace/DataSet/IMG/img_2021_02_22-02_44_14_607.jpg,5
/home/ashraf/Documents/BFMC_Simulator/startup_workspace/DataSet/IMG/img_2021_02_22-02_44_15_608.jpg,5
/home/ashraf/Documents/BFMC_Simulator/startup_workspace/DataSet/IMG/img_2021_02_22-02_44_15_609.jpg,4
/home/ashraf/Documents/BFMC_Simulator/startup_workspace/DataSet/IMG/img_2021_02_22-02_44_15_610.jpg,4
/home/ashraf/Documents/BFMC_Simulator/startup_workspace/DataSet/IMG/img_2021_02_22-02_44_15_611.jpg,3
/home/ashraf/Documents/BFMC_Simulator/startup_workspace/DataSet/IMG/img_2021_02_22-02_44_15_612.jpg,2
/home/ashraf/Documents/BFMC_Simulator/startup_workspace/DataSet/IMG/img_2021_02_22-02_44_15_613.jpg,1
/home/ashraf/Documents/BFMC_Simulator/startup_workspace/DataSet/IMG/img_2021_02_22-02_44_15_614.jpg,1
/home/ashraf/Documents/BFMC_Simulator/startup_workspace/DataSet/IMG/img_2021_02_22-02_44_16_615.jpg,1
/home/ashraf/Documents/BFMC_Simulator/startup_workspace/DataSet/IMG/img_2021_02_22-02_44_16_616.jpg,1
/home/ashraf/Documents/BFMC_Simulator/startup_workspace/DataSet/IMG/img_2021_02_22-02_44_16_617.jpg,1
/home/ashraf/Documents/BFMC_Simulator/startup_workspace/DataSet/IMG/img_2021_02_22-02_44_16_618.jpg,1
/home/ashraf/Documents/BFMC_Simulator/startup_workspace/DataSet/IMG/img_2021_02_22-02_44_16_619.jpg,1
/home/ashraf/Documents/BFMC_Simulator/startup_workspace/DataSet/IMG/img_2021_02_22-02_44_16_620.jpg,1
/home/ashraf/Documents/BFMC_Simulator/startup_workspace/DataSet/IMG/img_2021_02_22-02_44_16_621.jpg,1
/home/ashraf/Documents/BFMC_Simulator/startup_workspace/DataSet/IMG/img_2021_02_22-02_44_17_622.jpg,1
/home/ashraf/Documents/BFMC_Simulator/startup_workspace/DataSet/IMG/img_2021_02_22-02_44_17_623.jpg,0
/home/ashraf/Documents/BFMC_Simulator/startup_workspace/DataSet/IMG/img_2021_02_22-02_44_17_624.jpg,0
/home/ashraf/Documents/BFMC_Simulator/startup_workspace/DataSet/IMG/img_2021_02_22-02_44_17_625.jpg,0
/home/ashraf/Documents/BFMC_Simulator/startup_workspace/DataSet/IMG/img_2021_02_22-02_44_17_626.jpg,0
/home/ashraf/Documents/BFMC_Simulator/startup_workspace/DataSet/IMG/img_2021_02_22-02_44_17_627.jpg,1
/home/ashraf/Documents/BFMC_Simulator/startup_workspace/DataSet/IMG/img_2021_02_22-02_44_17_628.jpg,1
/home/ashraf/Documents/BFMC_Simulator/startup_workspace/DataSet/IMG/img_2021_02_22-02_44_18_629.jpg,0
/home/ashraf/Documents/BFMC_Simulator/startup_workspace/DataSet/IMG/img_2021_02_22-02_44_18_630.jpg,0
/home/ashraf/Documents/BFMC_Simulator/startup_workspace/DataSet/IMG/img_2021_02_22-02_44_18_631.jpg,0
/home/ashraf/Documents/BFMC_Simulator/startup_workspace/DataSet/IMG/img_2021_02_22-02_44_55_632.jpg,0
/home/ashraf/Documents/BFMC_Simulator/startup_workspace/DataSet/IMG/img_2021_02_22-02_44_55_633.jpg,0
/home/ashraf/Documents/BFMC_Simulator/startup_workspace/DataSet/IMG/img_2021_02_22-02_44_56_634.jpg,0
/home/ashraf/Documents/BFMC_Simulator/startup_workspace/DataSet/IMG/img_2021_02_22-02_44_56_635.jpg,0
/home/ashraf/Documents/BFMC_Simulator/startup_workspace/DataSet/IMG/img_2021_02_22-02_44_56_636.jpg,-1
/home/ashraf/Documents/BFMC_Simulator/startup_workspace/DataSet/IMG/img_2021_02_22-02_44_56_637.jpg,-2
/home/ashraf/Documents/BFMC_Simulator/startup_workspace/DataSet/IMG/img_2021_02_22-02_44_56_638.jpg,-3
/home/ashraf/Documents/BFMC_Simulator/startup_workspace/DataSet/IMG/img_2021_02_22-02_44_56_639.jpg,-3
/home/ashraf/Documents/BFMC_Simulator/startup_workspace/DataSet/IMG/img_2021_02_22-02_44_56_640.jpg,-4
/home/ashraf/Documents/BFMC_Simulator/startup_workspace/DataSet/IMG/img_2021_02_22-02_44_57_641.jpg,-5
/home/ashraf/Documents/BFMC_Simulator/startup_workspace/DataSet/IMG/img_2021_02_22-02_44_57_642.jpg,-5
/home/ashraf/Documents/BFMC_Simulator/startup_workspace/DataSet/IMG/img_2021_02_22-02_44_57_643.jpg,-6
/home/ashraf/Documents/BFMC_Simulator/startup_workspace/DataSet/IMG/img_2021_02_22-02_44_57_644.jpg,-7
/home/ashraf/Documents/BFMC_Simulator/startup_workspace/DataSet/IMG/img_2021_02_22-02_44_57_645.jpg,-8
/home/ashraf/Documents/BFMC_Simulator/startup_workspace/DataSet/IMG/img_2021_02_22-02_44_57_646.jpg,-8
/home/ashraf/Documents/BFMC_Simulator/startup_workspace/DataSet/IMG/img_2021_02_22-02_44_57_647.jpg,-9
/home/ashraf/Documents/BFMC_Simulator/startup_workspace/DataSet/IMG/img_2021_02_22-02_44_58_648.jpg,-10
/home/ashraf/Documents/BFMC_Simulator/startup_workspace/DataSet/IMG/img_2021_02_22-02_44_58_649.jpg,-11
/home/ashraf/Documents/BFMC_Simulator/startup_workspace/DataSet/IMG/img_2021_02_22-02_44_58_650.jpg,-12
/home/ashraf/Documents/BFMC_Simulator/startup_workspace/DataSet/IMG/img_2021_02_22-02_44_58_651.jpg,-12
/home/ashraf/Documents/BFMC_Simulator/startup_workspace/DataSet/IMG/img_2021_02_22-02_44_58_652.jpg,-12
/home/ashraf/Documents/BFMC_Simulator/startup_workspace/DataSet/IMG/img_2021_02_22-02_44_58_653.jpg,-12
/home/ashraf/Documents/BFMC_Simulator/startup_workspace/DataSet/IMG/img_2021_02_22-02_44_58_654.jpg,-12
/home/ashraf/Documents/BFMC_Simulator/startup_workspace/DataSet/IMG/img_2021_02_22-02_44_59_655.jpg,-13
/home/ashraf/Documents/BFMC_Simulator/startup_workspace/DataSet/IMG/img_2021_02_22-02_44_59_656.jpg,-14
/home/ashraf/Documents/BFMC_Simulator/startup_workspace/DataSet/IMG/img_2021_02_22-02_44_59_657.jpg,-15
/home/ashraf/Documents/BFMC_Simulator/startup_workspace/DataSet/IMG/img_2021_02_22-02_44_59_658.jpg,-15
/home/ashraf/Documents/BFMC_Simulator/startup_workspace/DataSet/IMG/img_2021_02_22-02_44_59_659.jpg,-14
/home/ashraf/Documents/BFMC_Simulator/startup_workspace/DataSet/IMG/img_2021_02_22-02_44_59_660.jpg,-14
/home/ashraf/Documents/BFMC_Simulator/startup_workspace/DataSet/IMG/img_2021_02_22-02_44_59_661.jpg,-13
/home/ashraf/Documents/BFMC_Simulator/startup_workspace/DataSet/IMG/img_2021_02_22-02_45_00_662.jpg,-12
/home/ashraf/Documents/BFMC_Simulator/startup_workspace/DataSet/IMG/img_2021_02_22-02_45_00_663.jpg,-11
/home/ashraf/Documents/BFMC_Simulator/startup_workspace/DataSet/IMG/img_2021_02_22-02_45_00_664.jpg,-10
/home/ashraf/Documents/BFMC_Simulator/startup_workspace/DataSet/IMG/img_2021_02_22-02_45_00_665.jpg,-10
/home/ashraf/Documents/BFMC_Simulator/startup_workspace/DataSet/IMG/img_2021_02_22-02_45_00_666.jpg,-9
/home/ashraf/Documents/BFMC_Simulator/startup_workspace/DataSet/IMG/img_2021_02_22-02_45_00_667.jpg,-8
/home/ashraf/Documents/BFMC_Simulator/startup_workspace/DataSet/IMG/img_2021_02_22-02_45_00_668.jpg,-7
/home/ashraf/Documents/BFMC_Simulator/startup_workspace/DataSet/IMG/img_2021_02_22-02_45_01_669.jpg,-6
/home/ashraf/Documents/BFMC_Simulator/startup_workspace/DataSet/IMG/img_2021_02_22-02_45_01_670.jpg,-6
/home/ashraf/Documents/BFMC_Simulator/startup_workspace/DataSet/IMG/img_2021_02_22-02_45_01_671.jpg,-5
/home/ashraf/Documents/BFMC_Simulator/startup_workspace/DataSet/IMG/img_2021_02_22-02_45_01_672.jpg,-5
/home/ashraf/Documents/BFMC_Simulator/startup_workspace/DataSet/IMG/img_2021_02_22-02_45_01_673.jpg,-5
/home/ashraf/Documents/BFMC_Simulator/startup_workspace/DataSet/IMG/img_2021_02_22-02_45_01_674.jpg,-4
/home/ashraf/Documents/BFMC_Simulator/startup_workspace/DataSet/IMG/img_2021_02_22-02_45_01_675.jpg,-3
/home/ashraf/Documents/BFMC_Simulator/startup_workspace/DataSet/IMG/img_2021_02_22-02_45_01_676.jpg,-2
/home/ashraf/Documents/BFMC_Simulator/startup_workspace/DataSet/IMG/img_2021_02_22-02_45_02_677.jpg,-2
/home/ashraf/Documents/BFMC_Simulator/startup_workspace/DataSet/IMG/img_2021_02_22-02_45_02_678.jpg,-1
/home/ashraf/Documents/BFMC_Simulator/startup_workspace/DataSet/IMG/img_2021_02_22-02_45_02_679.jpg,0
/home/ashraf/Documents/BFMC_Simulator/startup_workspace/DataSet/IMG/img_2021_02_22-02_45_02_680.jpg,1
/home/ashraf/Documents/BFMC_Simulator/startup_workspace/DataSet/IMG/img_2021_02_22-02_45_02_681.jpg,2
/home/ashraf/Documents/BFMC_Simulator/startup_workspace/DataSet/IMG/img_2021_02_22-02_45_02_682.jpg,3
/home/ashraf/Documents/BFMC_Simulator/startup_workspace/DataSet/IMG/img_2021_02_22-02_45_02_683.jpg,3
/home/ashraf/Documents/BFMC_Simulator/startup_workspace/DataSet/IMG/img_2021_02_22-02_45_03_684.jpg,4
/home/ashraf/Documents/BFMC_Simulator/startup_workspace/DataSet/IMG/img_2021_02_22-02_45_03_685.jpg,4
/home/ashraf/Documents/BFMC_Simulator/startup_workspace/DataSet/IMG/img_2021_02_22-02_45_03_686.jpg,4
/home/ashraf/Documents/BFMC_Simulator/startup_workspace/DataSet/IMG/img_2021_02_22-02_45_03_687.jpg,4
/home/ashraf/Documents/BFMC_Simulator/startup_workspace/DataSet/IMG/img_2021_02_22-02_45_03_688.jpg,4
/home/ashraf/Documents/BFMC_Simulator/startup_workspace/DataSet/IMG/img_2021_02_22-02_45_03_689.jpg,4
/home/ashraf/Documents/BFMC_Simulator/startup_workspace/DataSet/IMG/img_2021_02_22-02_45_03_690.jpg,5
/home/ashraf/Documents/BFMC_Simulator/startup_workspace/DataSet/IMG/img_2021_02_22-02_45_04_691.jpg,5
/home/ashraf/Documents/BFMC_Simulator/startup_workspace/DataSet/IMG/img_2021_02_22-02_45_04_692.jpg,5
/home/ashraf/Documents/BFMC_Simulator/startup_workspace/DataSet/IMG/img_2021_02_22-02_45_04_693.jpg,5
/home/ashraf/Documents/BFMC_Simulator/startup_workspace/DataSet/IMG/img_2021_02_22-02_45_04_694.jpg,5
/home/ashraf/Documents/BFMC_Simulator/startup_workspace/DataSet/IMG/img_2021_02_22-02_45_04_695.jpg,5
/home/ashraf/Documents/BFMC_Simulator/startup_workspace/DataSet/IMG/img_2021_02_22-02_45_04_696.jpg,5
/home/ashraf/Documents/BFMC_Simulator/startup_workspace/DataSet/IMG/img_2021_02_22-02_45_04_697.jpg,5
/home/ashraf/Documents/BFMC_Simulator/startup_workspace/DataSet/IMG/img_2021_02_22-02_45_05_698.jpg,5
/home/ashraf/Documents/BFMC_Simulator/startup_workspace/DataSet/IMG/img_2021_02_22-02_45_05_699.jpg,5
/home/ashraf/Documents/BFMC_Simulator/startup_workspace/DataSet/IMG/img_2021_02_22-02_45_05_700.jpg,5
/home/ashraf/Documents/BFMC_Simulator/startup_workspace/DataSet/IMG/img_2021_02_22-02_45_05_701.jpg,4
/home/ashraf/Documents/BFMC_Simulator/startup_workspace/DataSet/IMG/img_2021_02_22-02_45_05_702.jpg,3
/home/ashraf/Documents/BFMC_Simulator/startup_workspace/DataSet/IMG/img_2021_02_22-02_45_05_703.jpg,3
/home/ashraf/Documents/BFMC_Simulator/startup_workspace/DataSet/IMG/img_2021_02_22-02_45_05_704.jpg,3
/home/ashraf/Documents/BFMC_Simulator/startup_workspace/DataSet/IMG/img_2021_02_22-02_45_06_705.jpg,3
/home/ashraf/Documents/BFMC_Simulator/startup_workspace/DataSet/IMG/img_2021_02_22-02_45_06_706.jpg,3
/home/ashraf/Documents/BFMC_Simulator/startup_workspace/DataSet/IMG/img_2021_02_22-02_45_06_707.jpg,2
/home/ashraf/Documents/BFMC_Simulator/startup_workspace/DataSet/IMG/img_2021_02_22-02_45_06_708.jpg,2
/home/ashraf/Documents/BFMC_Simulator/startup_workspace/DataSet/IMG/img_2021_02_22-02_45_06_709.jpg,1
/home/ashraf/Documents/BFMC_Simulator/startup_workspace/DataSet/IMG/img_2021_02_22-02_45_06_710.jpg,1
/home/ashraf/Documents/BFMC_Simulator/startup_workspace/DataSet/IMG/img_2021_02_22-02_45_06_711.jpg,1
/home/ashraf/Documents/BFMC_Simulator/startup_workspace/DataSet/IMG/img_2021_02_22-02_45_07_712.jpg,1
/home/ashraf/Documents/BFMC_Simulator/startup_workspace/DataSet/IMG/img_2021_02_22-02_45_07_713.jpg,2
/home/ashraf/Documents/BFMC_Simulator/startup_workspace/DataSet/IMG/img_2021_02_22-02_45_07_714.jpg,2
/home/ashraf/Documents/BFMC_Simulator/startup_workspace/DataSet/IMG/img_2021_02_22-02_45_07_715.jpg,1
/home/ashraf/Documents/BFMC_Simulator/startup_workspace/DataSet/IMG/img_2021_02_22-02_45_07_716.jpg,1
/home/ashraf/Documents/BFMC_Simulator/startup_workspace/DataSet/IMG/img_2021_02_22-02_45_07_717.jpg,1
/home/ashraf/Documents/BFMC_Simulator/startup_workspace/DataSet/IMG/img_2021_02_22-02_45_07_718.jpg,1
/home/ashraf/Documents/BFMC_Simulator/startup_workspace/DataSet/IMG/img_2021_02_22-02_45_08_719.jpg,1
/home/ashraf/Documents/BFMC_Simulator/startup_workspace/DataSet/IMG/img_2021_02_22-02_46_23_720.jpg,-3
/home/ashraf/Documents/BFMC_Simulator/startup_workspace/DataSet/IMG/img_2021_02_22-02_46_23_721.jpg,-3
/home/ashraf/Documents/BFMC_Simulator/startup_workspace/DataSet/IMG/img_2021_02_22-02_46_23_722.jpg,-4
/home/ashraf/Documents/BFMC_Simulator/startup_workspace/DataSet/IMG/img_2021_02_22-02_46_23_723.jpg,-4
/home/ashraf/Documents/BFMC_Simulator/startup_workspace/DataSet/IMG/img_2021_02_22-02_46_24_724.jpg,-4
/home/ashraf/Documents/BFMC_Simulator/startup_workspace/DataSet/IMG/img_2021_02_22-02_46_24_725.jpg,-4
/home/ashraf/Documents/BFMC_Simulator/startup_workspace/DataSet/IMG/img_2021_02_22-02_46_24_726.jpg,-5
/home/ashraf/Documents/BFMC_Simulator/startup_workspace/DataSet/IMG/img_2021_02_22-02_46_24_727.jpg,-6
/home/ashraf/Documents/BFMC_Simulator/startup_workspace/DataSet/IMG/img_2021_02_22-02_46_24_728.jpg,-7
/home/ashraf/Documents/BFMC_Simulator/startup_workspace/DataSet/IMG/img_2021_02_22-02_46_24_729.jpg,-8
/home/ashraf/Documents/BFMC_Simulator/startup_workspace/DataSet/IMG/img_2021_02_22-02_46_24_730.jpg,-9
/home/ashraf/Documents/BFMC_Simulator/startup_workspace/DataSet/IMG/img_2021_02_22-02_46_25_731.jpg,-9
/home/ashraf/Documents/BFMC_Simulator/startup_workspace/DataSet/IMG/img_2021_02_22-02_46_25_732.jpg,-9
/home/ashraf/Documents/BFMC_Simulator/startup_workspace/DataSet/IMG/img_2021_02_22-02_46_25_733.jpg,-9
/home/ashraf/Documents/BFMC_Simulator/startup_workspace/DataSet/IMG/img_2021_02_22-02_46_25_734.jpg,-9
/home/ashraf/Documents/BFMC_Simulator/startup_workspace/DataSet/IMG/img_2021_02_22-02_46_25_735.jpg,-9
/home/ashraf/Documents/BFMC_Simulator/startup_workspace/DataSet/IMG/img_2021_02_22-02_46_25_736.jpg,-9
/home/ashraf/Documents/BFMC_Simulator/startup_workspace/DataSet/IMG/img_2021_02_22-02_46_25_737.jpg,-10
/home/ashraf/Documents/BFMC_Simulator/startup_workspace/DataSet/IMG/img_2021_02_22-02_46_26_738.jpg,-10
/home/ashraf/Documents/BFMC_Simulator/startup_workspace/DataSet/IMG/img_2021_02_22-02_46_26_739.jpg,-12
/home/ashraf/Documents/BFMC_Simulator/startup_workspace/DataSet/IMG/img_2021_02_22-02_46_26_740.jpg,-12
/home/ashraf/Documents/BFMC_Simulator/startup_workspace/DataSet/IMG/img_2021_02_22-02_46_26_741.jpg,-12
/home/ashraf/Documents/BFMC_Simulator/startup_workspace/DataSet/IMG/img_2021_02_22-02_46_26_742.jpg,-12
/home/ashraf/Documents/BFMC_Simulator/startup_workspace/DataSet/IMG/img_2021_02_22-02_46_26_743.jpg,-11
/home/ashraf/Documents/BFMC_Simulator/startup_workspace/DataSet/IMG/img_2021_02_22-02_46_26_744.jpg,-11
/home/ashraf/Documents/BFMC_Simulator/startup_workspace/DataSet/IMG/img_2021_02_22-02_46_27_745.jpg,-11
/home/ashraf/Documents/BFMC_Simulator/startup_workspace/DataSet/IMG/img_2021_02_22-02_46_27_746.jpg,-10
/home/ashraf/Documents/BFMC_Simulator/startup_workspace/DataSet/IMG/img_2021_02_22-02_46_27_747.jpg,-9
/home/ashraf/Documents/BFMC_Simulator/startup_workspace/DataSet/IMG/img_2021_02_22-02_46_27_748.jpg,-9
/home/ashraf/Documents/BFMC_Simulator/startup_workspace/DataSet/IMG/img_2021_02_22-02_46_27_749.jpg,-8
/home/ashraf/Documents/BFMC_Simulator/startup_workspace/DataSet/IMG/img_2021_02_22-02_46_27_750.jpg,-7
/home/ashraf/Documents/BFMC_Simulator/startup_workspace/DataSet/IMG/img_2021_02_22-02_46_27_751.jpg,-6
/home/ashraf/Documents/BFMC_Simulator/startup_workspace/DataSet/IMG/img_2021_02_22-02_46_28_752.jpg,-6
/home/ashraf/Documents/BFMC_Simulator/startup_workspace/DataSet/IMG/img_2021_02_22-02_46_28_753.jpg,-5
/home/ashraf/Documents/BFMC_Simulator/startup_workspace/DataSet/IMG/img_2021_02_22-02_46_28_754.jpg,-4
/home/ashraf/Documents/BFMC_Simulator/startup_workspace/DataSet/IMG/img_2021_02_22-02_46_28_755.jpg,-3
/home/ashraf/Documents/BFMC_Simulator/startup_workspace/DataSet/IMG/img_2021_02_22-02_46_28_756.jpg,-3
/home/ashraf/Documents/BFMC_Simulator/startup_workspace/DataSet/IMG/img_2021_02_22-02_46_28_757.jpg,-2
/home/ashraf/Documents/BFMC_Simulator/startup_workspace/DataSet/IMG/img_2021_02_22-02_46_28_758.jpg,-1
/home/ashraf/Documents/BFMC_Simulator/startup_workspace/DataSet/IMG/img_2021_02_22-02_46_29_759.jpg,0
/home/ashraf/Documents/BFMC_Simulator/startup_workspace/DataSet/IMG/img_2021_02_22-02_46_29_760.jpg,0
/home/ashraf/Documents/BFMC_Simulator/startup_workspace/DataSet/IMG/img_2021_02_22-02_46_29_761.jpg,0
/home/ashraf/Documents/BFMC_Simulator/startup_workspace/DataSet/IMG/img_2021_02_22-02_46_29_762.jpg,0
/home/ashraf/Documents/BFMC_Simulator/startup_workspace/DataSet/IMG/img_2021_02_22-02_46_29_763.jpg,0
/home/ashraf/Documents/BFMC_Simulator/startup_workspace/DataSet/IMG/img_2021_02_22-02_46_29_764.jpg,0
/home/ashraf/Documents/BFMC_Simulator/startup_workspace/DataSet/IMG/img_2021_02_22-02_46_29_765.jpg,1
/home/ashraf/Documents/BFMC_Simulator/startup_workspace/DataSet/IMG/img_2021_02_22-02_46_29_766.jpg,1
/home/ashraf/Documents/BFMC_Simulator/startup_workspace/DataSet/IMG/img_2021_02_22-02_46_30_767.jpg,2
/home/ashraf/Documents/BFMC_Simulator/startup_workspace/DataSet/IMG/img_2021_02_22-02_46_30_768.jpg,2
/home/ashraf/Documents/BFMC_Simulator/startup_workspace/DataSet/IMG/img_2021_02_22-02_46_30_769.jpg,2
/home/ashraf/Documents/BFMC_Simulator/startup_workspace/DataSet/IMG/img_2021_02_22-02_46_30_770.jpg,2
/home/ashraf/Documents/BFMC_Simulator/startup_workspace/DataSet/IMG/img_2021_02_22-02_46_30_771.jpg,2
/home/ashraf/Documents/BFMC_Simulator/startup_workspace/DataSet/IMG/img_2021_02_22-02_46_30_772.jpg,2
/home/ashraf/Documents/BFMC_Simulator/startup_workspace/DataSet/IMG/img_2021_02_22-02_46_30_773.jpg,2
/home/ashraf/Documents/BFMC_Simulator/startup_workspace/DataSet/IMG/img_2021_02_22-02_46_31_774.jpg,2
/home/ashraf/Documents/BFMC_Simulator/startup_workspace/DataSet/IMG/img_2021_02_22-02_46_31_775.jpg,2
/home/ashraf/Documents/BFMC_Simulator/startup_workspace/DataSet/IMG/img_2021_02_22-02_46_31_776.jpg,2
/home/ashraf/Documents/BFMC_Simulator/startup_workspace/DataSet/IMG/img_2021_02_22-02_46_31_777.jpg,2
/home/ashraf/Documents/BFMC_Simulator/startup_workspace/DataSet/IMG/img_2021_02_22-02_46_31_778.jpg,1
/home/ashraf/Documents/BFMC_Simulator/startup_workspace/DataSet/IMG/img_2021_02_22-02_46_31_779.jpg,1
/home/ashraf/Documents/BFMC_Simulator/startup_workspace/DataSet/IMG/img_2021_02_22-02_46_31_780.jpg,0
/home/ashraf/Documents/BFMC_Simulator/startup_workspace/DataSet/IMG/img_2021_02_22-02_46_32_781.jpg,-1
/home/ashraf/Documents/BFMC_Simulator/startup_workspace/DataSet/IMG/img_2021_02_22-02_46_32_782.jpg,-1
/home/ashraf/Documents/BFMC_Simulator/startup_workspace/DataSet/IMG/img_2021_02_22-02_46_32_783.jpg,-2
/home/ashraf/Documents/BFMC_Simulator/startup_workspace/DataSet/IMG/img_2021_02_22-02_46_32_784.jpg,-2
/home/ashraf/Documents/BFMC_Simulator/startup_workspace/DataSet/IMG/img_2021_02_22-02_46_32_785.jpg,-2
/home/ashraf/Documents/BFMC_Simulator/startup_workspace/DataSet/IMG/img_2021_02_22-02_46_32_786.jpg,-3
/home/ashraf/Documents/BFMC_Simulator/startup_workspace/DataSet/IMG/img_2021_02_22-02_46_32_787.jpg,-3
/home/ashraf/Documents/BFMC_Simulator/startup_workspace/DataSet/IMG/img_2021_02_22-02_46_33_788.jpg,-3
/home/ashraf/Documents/BFMC_Simulator/startup_workspace/DataSet/IMG/img_2021_02_22-02_46_33_789.jpg,-3
/home/ashraf/Documents/BFMC_Simulator/startup_workspace/DataSet/IMG/img_2021_02_22-02_46_33_790.jpg,-3
/home/ashraf/Documents/BFMC_Simulator/startup_workspace/DataSet/IMG/img_2021_02_22-02_46_33_791.jpg,-2
/home/ashraf/Documents/BFMC_Simulator/startup_workspace/DataSet/IMG/img_2021_02_22-02_46_33_792.jpg,-2
/home/ashraf/Documents/BFMC_Simulator/startup_workspace/DataSet/IMG/img_2021_02_22-02_46_53_793.jpg,-2
/home/ashraf/Documents/BFMC_Simulator/startup_workspace/DataSet/IMG/img_2021_02_22-02_46_53_794.jpg,-2
/home/ashraf/Documents/BFMC_Simulator/startup_workspace/DataSet/IMG/img_2021_02_22-02_46_53_795.jpg,-3
/home/ashraf/Documents/BFMC_Simulator/startup_workspace/DataSet/IMG/img_2021_02_22-02_46_53_796.jpg,-4
/home/ashraf/Documents/BFMC_Simulator/startup_workspace/DataSet/IMG/img_2021_02_22-02_46_53_797.jpg,-5
/home/ashraf/Documents/BFMC_Simulator/startup_workspace/DataSet/IMG/img_2021_02_22-02_46_53_798.jpg,-6
/home/ashraf/Documents/BFMC_Simulator/startup_workspace/DataSet/IMG/img_2021_02_22-02_46_53_799.jpg,-7
/home/ashraf/Documents/BFMC_Simulator/startup_workspace/DataSet/IMG/img_2021_02_22-02_46_54_800.jpg,-8
/home/ashraf/Documents/BFMC_Simulator/startup_workspace/DataSet/IMG/img_2021_02_22-02_46_54_801.jpg,-9
/home/ashraf/Documents/BFMC_Simulator/startup_workspace/DataSet/IMG/img_2021_02_22-02_46_54_802.jpg,-10
/home/ashraf/Documents/BFMC_Simulator/startup_workspace/DataSet/IMG/img_2021_02_22-02_46_54_803.jpg,-11
/home/ashraf/Documents/BFMC_Simulator/startup_workspace/DataSet/IMG/img_2021_02_22-02_46_54_804.jpg,-11
/home/ashraf/Documents/BFMC_Simulator/startup_workspace/DataSet/IMG/img_2021_02_22-02_46_54_805.jpg,-11
/home/ashraf/Documents/BFMC_Simulator/startup_workspace/DataSet/IMG/img_2021_02_22-02_46_54_806.jpg,-11
/home/ashraf/Documents/BFMC_Simulator/startup_workspace/DataSet/IMG/img_2021_02_22-02_46_55_807.jpg,-11
/home/ashraf/Documents/BFMC_Simulator/startup_workspace/DataSet/IMG/img_2021_02_22-02_46_55_808.jpg,-11
/home/ashraf/Documents/BFMC_Simulator/startup_workspace/DataSet/IMG/img_2021_02_22-02_46_55_809.jpg,-11
/home/ashraf/Documents/BFMC_Simulator/startup_workspace/DataSet/IMG/img_2021_02_22-02_46_55_810.jpg,-11
/home/ashraf/Documents/BFMC_Simulator/startup_workspace/DataSet/IMG/img_2021_02_22-02_46_55_811.jpg,-11
/home/ashraf/Documents/BFMC_Simulator/startup_workspace/DataSet/IMG/img_2021_02_22-02_46_55_812.jpg,-11
/home/ashraf/Documents/BFMC_Simulator/startup_workspace/DataSet/IMG/img_2021_02_22-02_46_55_813.jpg,-10
/home/ashraf/Documents/BFMC_Simulator/startup_workspace/DataSet/IMG/img_2021_02_22-02_46_56_814.jpg,-9
/home/ashraf/Documents/BFMC_Simulator/startup_workspace/DataSet/IMG/img_2021_02_22-02_46_56_815.jpg,-8
/home/ashraf/Documents/BFMC_Simulator/startup_workspace/DataSet/IMG/img_2021_02_22-02_46_56_816.jpg,-8
/home/ashraf/Documents/BFMC_Simulator/startup_workspace/DataSet/IMG/img_2021_02_22-02_46_56_817.jpg,-7
/home/ashraf/Documents/BFMC_Simulator/startup_workspace/DataSet/IMG/img_2021_02_22-02_46_56_818.jpg,-6
/home/ashraf/Documents/BFMC_Simulator/startup_workspace/DataSet/IMG/img_2021_02_22-02_46_56_819.jpg,-5
/home/ashraf/Documents/BFMC_Simulator/startup_workspace/DataSet/IMG/img_2021_02_22-02_46_56_820.jpg,-5
/home/ashraf/Documents/BFMC_Simulator/startup_workspace/DataSet/IMG/img_2021_02_22-02_46_57_821.jpg,-4
/home/ashraf/Documents/BFMC_Simulator/startup_workspace/DataSet/IMG/img_2021_02_22-02_46_57_822.jpg,-4
/home/ashraf/Documents/BFMC_Simulator/startup_workspace/DataSet/IMG/img_2021_02_22-02_46_57_823.jpg,-3
/home/ashraf/Documents/BFMC_Simulator/startup_workspace/DataSet/IMG/img_2021_02_22-02_46_57_824.jpg,-2
/home/ashraf/Documents/BFMC_Simulator/startup_workspace/DataSet/IMG/img_2021_02_22-02_46_57_825.jpg,-1
/home/ashraf/Documents/BFMC_Simulator/startup_workspace/DataSet/IMG/img_2021_02_22-02_46_57_826.jpg,0
/home/ashraf/Documents/BFMC_Simulator/startup_workspace/DataSet/IMG/img_2021_02_22-02_46_57_827.jpg,1
/home/ashraf/Documents/BFMC_Simulator/startup_workspace/DataSet/IMG/img_2021_02_22-02_46_58_828.jpg,1
/home/ashraf/Documents/BFMC_Simulator/startup_workspace/DataSet/IMG/img_2021_02_22-02_46_58_829.jpg,1
/home/ashraf/Documents/BFMC_Simulator/startup_workspace/DataSet/IMG/img_2021_02_22-02_46_58_830.jpg,1
/home/ashraf/Documents/BFMC_Simulator/startup_workspace/DataSet/IMG/img_2021_02_22-02_46_58_831.jpg,1
/home/ashraf/Documents/BFMC_Simulator/startup_workspace/DataSet/IMG/img_2021_02_22-02_46_58_832.jpg,2
/home/ashraf/Documents/BFMC_Simulator/startup_workspace/DataSet/IMG/img_2021_02_22-02_46_58_833.jpg,2
/home/ashraf/Documents/BFMC_Simulator/startup_workspace/DataSet/IMG/img_2021_02_22-02_46_58_834.jpg,2
/home/ashraf/Documents/BFMC_Simulator/startup_workspace/DataSet/IMG/img_2021_02_22-02_46_59_835.jpg,2
/home/ashraf/Documents/BFMC_Simulator/startup_workspace/DataSet/IMG/img_2021_02_22-02_46_59_836.jpg,2
/home/ashraf/Documents/BFMC_Simulator/startup_workspace/DataSet/IMG/img_2021_02_22-02_46_59_837.jpg,2
/home/ashraf/Documents/BFMC_Simulator/startup_workspace/DataSet/IMG/img_2021_02_22-02_46_59_838.jpg,2
/home/ashraf/Documents/BFMC_Simulator/startup_workspace/DataSet/IMG/img_2021_02_22-02_46_59_839.jpg,2
/home/ashraf/Documents/BFMC_Simulator/startup_workspace/DataSet/IMG/img_2021_02_22-02_46_59_840.jpg,2
/home/ashraf/Documents/BFMC_Simulator/startup_workspace/DataSet/IMG/img_2021_02_22-02_46_59_841.jpg,2
/home/ashraf/Documents/BFMC_Simulator/startup_workspace/DataSet/IMG/img_2021_02_22-02_47_00_842.jpg,2
/home/ashraf/Documents/BFMC_Simulator/startup_workspace/DataSet/IMG/img_2021_02_22-02_47_00_843.jpg,2
/home/ashraf/Documents/BFMC_Simulator/startup_workspace/DataSet/IMG/img_2021_02_22-02_47_00_844.jpg,2
/home/ashraf/Documents/BFMC_Simulator/startup_workspace/DataSet/IMG/img_2021_02_22-02_47_00_845.jpg,1
/home/ashraf/Documents/BFMC_Simulator/startup_workspace/DataSet/IMG/img_2021_02_22-02_47_00_846.jpg,1
/home/ashraf/Documents/BFMC_Simulator/startup_workspace/DataSet/IMG/img_2021_02_22-02_47_00_847.jpg,0
/home/ashraf/Documents/BFMC_Simulator/startup_workspace/DataSet/IMG/img_2021_02_22-02_47_00_848.jpg,0
/home/ashraf/Documents/BFMC_Simulator/startup_workspace/DataSet/IMG/img_2021_02_22-02_47_01_849.jpg,0
/home/ashraf/Documents/BFMC_Simulator/startup_workspace/DataSet/IMG/img_2021_02_22-02_47_01_850.jpg,-1
/home/ashraf/Documents/BFMC_Simulator/startup_workspace/DataSet/IMG/img_2021_02_22-02_47_01_851.jpg,-1
/home/ashraf/Documents/BFMC_Simulator/startup_workspace/DataSet/IMG/img_2021_02_22-02_47_01_852.jpg,-1
/home/ashraf/Documents/BFMC_Simulator/startup_workspace/DataSet/IMG/img_2021_02_22-02_47_01_853.jpg,-1
/home/ashraf/Documents/BFMC_Simulator/startup_workspace/DataSet/IMG/img_2021_02_22-02_47_01_854.jpg,-2
/home/ashraf/Documents/BFMC_Simulator/startup_workspace/DataSet/IMG/img_2021_02_22-02_47_01_855.jpg,-2
/home/ashraf/Documents/BFMC_Simulator/startup_workspace/DataSet/IMG/img_2021_02_22-02_47_02_856.jpg,-2
/home/ashraf/Documents/BFMC_Simulator/startup_workspace/DataSet/IMG/img_2021_02_22-02_47_02_857.jpg,-2
/home/ashraf/Documents/BFMC_Simulator/startup_workspace/DataSet/IMG/img_2021_02_22-02_47_02_858.jpg,-2
/home/ashraf/Documents/BFMC_Simulator/startup_workspace/DataSet/IMG/img_2021_02_22-02_47_02_859.jpg,-3
/home/ashraf/Documents/BFMC_Simulator/startup_workspace/DataSet/IMG/img_2021_02_22-02_47_02_860.jpg,-3
/home/ashraf/Documents/BFMC_Simulator/startup_workspace/DataSet/IMG/img_2021_02_22-02_47_02_861.jpg,-2
/home/ashraf/Documents/BFMC_Simulator/startup_workspace/DataSet/IMG/img_2021_02_22-02_47_02_862.jpg,-2
/home/ashraf/Documents/BFMC_Simulator/startup_workspace/DataSet/IMG/img_2021_02_22-02_47_03_863.jpg,-2
/home/ashraf/Documents/BFMC_Simulator/startup_workspace/DataSet/IMG/img_2021_02_22-02_47_03_864.jpg,-2
